All colors,288 colors,240 colors,168 colors,120 colors,100 colors,72 colors,60 colors,48 colors,36 colors,24 colors,12 colors
$\color{#FFFFFF}{\rule{7px}{7px}}$ 600 white,$\color{#FFFFFF}{\rule{7px}{7px}}$ 600 white,$\color{#FFFFFF}{\rule{7px}{7px}}$ 600 white,$\color{#FFFFFF}{\rule{7px}{7px}}$ 600 white,$\color{#FFFFFF}{\rule{7px}{7px}}$ 600 white,$\color{#FFFFFF}{\rule{7px}{7px}}$ 600 white,$\color{#FFFFFF}{\rule{7px}{7px}}$ 600 white,$\color{#FFFFFF}{\rule{7px}{7px}}$ 600 white,$\color{#FFFFFF}{\rule{7px}{7px}}$ 600 white,$\color{#FFFFFF}{\rule{7px}{7px}}$ 600 white,$\color{#FFFFFF}{\rule{7px}{7px}}$ 600 white,$\color{#FFFFFF}{\rule{7px}{7px}}$ 600 white
$\color{#04AAE4}{\rule{7px}{7px}}$ 601 sky blue,$\color{#04AAE4}{\rule{7px}{7px}}$ 601 sky blue,$\color{#04AAE4}{\rule{7px}{7px}}$ 601 sky blue,$\color{#04AAE4}{\rule{7px}{7px}}$ 601 sky blue,$\color{#04AAE4}{\rule{7px}{7px}}$ 601 sky blue,$\color{#04AAE4}{\rule{7px}{7px}}$ 601 sky blue,$\color{#04AAE4}{\rule{7px}{7px}}$ 601 sky blue,$\color{#04AAE4}{\rule{7px}{7px}}$ 601 sky blue,$\color{#04AAE4}{\rule{7px}{7px}}$ 601 sky blue,$\color{#04AAE4}{\rule{7px}{7px}}$ 601 sky blue,$\color{#04AAE4}{\rule{7px}{7px}}$ 601 sky blue,$\color{#04AAE4}{\rule{7px}{7px}}$ 601 sky blue
$\color{#6EC5B5}{\rule{7px}{7px}}$ 602 lake green,$\color{#6EC5B5}{\rule{7px}{7px}}$ 602 lake green,$\color{#6EC5B5}{\rule{7px}{7px}}$ 602 lake green,$\color{#6EC5B5}{\rule{7px}{7px}}$ 602 lake green,$\color{#6EC5B5}{\rule{7px}{7px}}$ 602 lake green,$\color{#6EC5B5}{\rule{7px}{7px}}$ 602 lake green,$\color{#6EC5B5}{\rule{7px}{7px}}$ 602 lake green,$\color{#6EC5B5}{\rule{7px}{7px}}$ 602 lake green,$\color{#6EC5B5}{\rule{7px}{7px}}$ 602 lake green,$\color{#6EC5B5}{\rule{7px}{7px}}$ 602 lake green,$\color{#6EC5B5}{\rule{7px}{7px}}$ 602 lake green,
$\color{#FEEA14}{\rule{7px}{7px}}$ 603 yellow,$\color{#FEEA14}{\rule{7px}{7px}}$ 603 yellow,$\color{#FEEA14}{\rule{7px}{7px}}$ 603 yellow,$\color{#FEEA14}{\rule{7px}{7px}}$ 603 yellow,$\color{#FEEA14}{\rule{7px}{7px}}$ 603 yellow,$\color{#FEEA14}{\rule{7px}{7px}}$ 603 yellow,$\color{#FEEA14}{\rule{7px}{7px}}$ 603 yellow,$\color{#FEEA14}{\rule{7px}{7px}}$ 603 yellow,$\color{#FEEA14}{\rule{7px}{7px}}$ 603 yellow,$\color{#FEEA14}{\rule{7px}{7px}}$ 603 yellow,$\color{#FEEA14}{\rule{7px}{7px}}$ 603 yellow,$\color{#FEEA14}{\rule{7px}{7px}}$ 603 yellow
$\color{#F09519}{\rule{7px}{7px}}$ 604 orange,$\color{#F09519}{\rule{7px}{7px}}$ 604 orange,$\color{#F09519}{\rule{7px}{7px}}$ 604 orange,$\color{#F09519}{\rule{7px}{7px}}$ 604 orange,$\color{#F09519}{\rule{7px}{7px}}$ 604 orange,$\color{#F09519}{\rule{7px}{7px}}$ 604 orange,$\color{#F09519}{\rule{7px}{7px}}$ 604 orange,$\color{#F09519}{\rule{7px}{7px}}$ 604 orange,$\color{#F09519}{\rule{7px}{7px}}$ 604 orange,$\color{#F09519}{\rule{7px}{7px}}$ 604 orange,$\color{#F09519}{\rule{7px}{7px}}$ 604 orange,$\color{#F09519}{\rule{7px}{7px}}$ 604 orange
$\color{#D74D44}{\rule{7px}{7px}}$ 605 red,$\color{#D74D44}{\rule{7px}{7px}}$ 605 red,$\color{#D74D44}{\rule{7px}{7px}}$ 605 red,$\color{#D74D44}{\rule{7px}{7px}}$ 605 red,$\color{#D74D44}{\rule{7px}{7px}}$ 605 red,$\color{#D74D44}{\rule{7px}{7px}}$ 605 red,$\color{#D74D44}{\rule{7px}{7px}}$ 605 red,$\color{#D74D44}{\rule{7px}{7px}}$ 605 red,$\color{#D74D44}{\rule{7px}{7px}}$ 605 red,$\color{#D74D44}{\rule{7px}{7px}}$ 605 red,$\color{#D74D44}{\rule{7px}{7px}}$ 605 red,$\color{#D74D44}{\rule{7px}{7px}}$ 605 red
$\color{#DC76AD}{\rule{7px}{7px}}$ 606 rose red,$\color{#DC76AD}{\rule{7px}{7px}}$ 606 rose red,$\color{#DC76AD}{\rule{7px}{7px}}$ 606 rose red,$\color{#DC76AD}{\rule{7px}{7px}}$ 606 rose red,$\color{#DC76AD}{\rule{7px}{7px}}$ 606 rose red,$\color{#DC76AD}{\rule{7px}{7px}}$ 606 rose red,$\color{#DC76AD}{\rule{7px}{7px}}$ 606 rose red,$\color{#DC76AD}{\rule{7px}{7px}}$ 606 rose red,$\color{#DC76AD}{\rule{7px}{7px}}$ 606 rose red,$\color{#DC76AD}{\rule{7px}{7px}}$ 606 rose red,$\color{#DC76AD}{\rule{7px}{7px}}$ 606 rose red,$\color{#DC76AD}{\rule{7px}{7px}}$ 606 rose red
$\color{#563F94}{\rule{7px}{7px}}$ 607 lilac purple,$\color{#563F94}{\rule{7px}{7px}}$ 607 lilac purple,$\color{#563F94}{\rule{7px}{7px}}$ 607 lilac purple,$\color{#563F94}{\rule{7px}{7px}}$ 607 lilac purple,$\color{#563F94}{\rule{7px}{7px}}$ 607 lilac purple,$\color{#563F94}{\rule{7px}{7px}}$ 607 lilac purple,$\color{#563F94}{\rule{7px}{7px}}$ 607 lilac purple,$\color{#563F94}{\rule{7px}{7px}}$ 607 lilac purple,$\color{#563F94}{\rule{7px}{7px}}$ 607 lilac purple,$\color{#563F94}{\rule{7px}{7px}}$ 607 lilac purple,$\color{#563F94}{\rule{7px}{7px}}$ 607 lilac purple,$\color{#563F94}{\rule{7px}{7px}}$ 607 lilac purple
$\color{#013B97}{\rule{7px}{7px}}$ 608 royal blue,$\color{#013B97}{\rule{7px}{7px}}$ 608 royal blue,$\color{#013B97}{\rule{7px}{7px}}$ 608 royal blue,$\color{#013B97}{\rule{7px}{7px}}$ 608 royal blue,$\color{#013B97}{\rule{7px}{7px}}$ 608 royal blue,$\color{#013B97}{\rule{7px}{7px}}$ 608 royal blue,$\color{#013B97}{\rule{7px}{7px}}$ 608 royal blue,$\color{#013B97}{\rule{7px}{7px}}$ 608 royal blue,$\color{#013B97}{\rule{7px}{7px}}$ 608 royal blue,$\color{#013B97}{\rule{7px}{7px}}$ 608 sapphire blue,$\color{#013B97}{\rule{7px}{7px}}$ 608 sapphire blue,$\color{#013B97}{\rule{7px}{7px}}$ 608 sapphire blue
$\color{#01817F}{\rule{7px}{7px}}$ 609 green,$\color{#01817F}{\rule{7px}{7px}}$ 609 green,$\color{#01817F}{\rule{7px}{7px}}$ 609 green,$\color{#01817F}{\rule{7px}{7px}}$ 609 green,$\color{#01817F}{\rule{7px}{7px}}$ 609 green,$\color{#01817F}{\rule{7px}{7px}}$ 609 green,$\color{#01817F}{\rule{7px}{7px}}$ 609 green,$\color{#01817F}{\rule{7px}{7px}}$ 609 green,$\color{#01817F}{\rule{7px}{7px}}$ 609 green,$\color{#01817F}{\rule{7px}{7px}}$ 609 green,$\color{#01817F}{\rule{7px}{7px}}$ 609 green,$\color{#01817F}{\rule{7px}{7px}}$ 609 green
$\color{#ACB5B6}{\rule{7px}{7px}}$ 610 gray,$\color{#ACB5B6}{\rule{7px}{7px}}$ 610 gray,$\color{#ACB5B6}{\rule{7px}{7px}}$ 610 gray,$\color{#ACB5B6}{\rule{7px}{7px}}$ 610 gray,$\color{#ACB5B6}{\rule{7px}{7px}}$ 610 gray,$\color{#ACB5B6}{\rule{7px}{7px}}$ 610 gray,$\color{#ACB5B6}{\rule{7px}{7px}}$ 610 gray,$\color{#ACB5B6}{\rule{7px}{7px}}$ 610 gray,$\color{#ACB5B6}{\rule{7px}{7px}}$ 610 gray,$\color{#ACB5B6}{\rule{7px}{7px}}$ 610 gray,,
$\color{#000000}{\rule{7px}{7px}}$ 611 black,$\color{#000000}{\rule{7px}{7px}}$ 611 black,$\color{#000000}{\rule{7px}{7px}}$ 611 black,$\color{#000000}{\rule{7px}{7px}}$ 611 black,$\color{#000000}{\rule{7px}{7px}}$ 611 black,$\color{#000000}{\rule{7px}{7px}}$ 611 black,$\color{#000000}{\rule{7px}{7px}}$ 611 black,$\color{#000000}{\rule{7px}{7px}}$ 611 black,$\color{#000000}{\rule{7px}{7px}}$ 611 black,$\color{#000000}{\rule{7px}{7px}}$ 611 black,$\color{#000000}{\rule{7px}{7px}}$ 611 black,$\color{#000000}{\rule{7px}{7px}}$ 611 black
$\color{#EF8EA3}{\rule{7px}{7px}}$ 612 pink,$\color{#EF8EA3}{\rule{7px}{7px}}$ 612 pink,$\color{#EF8EA3}{\rule{7px}{7px}}$ 612 pink,$\color{#EF8EA3}{\rule{7px}{7px}}$ 612 pink,$\color{#EF8EA3}{\rule{7px}{7px}}$ 612 pink,$\color{#EF8EA3}{\rule{7px}{7px}}$ 612 pink,$\color{#EF8EA3}{\rule{7px}{7px}}$ 612 pink,$\color{#EF8EA3}{\rule{7px}{7px}}$ 612 pink,$\color{#EF8EA3}{\rule{7px}{7px}}$ 612 pink,$\color{#EF8EA3}{\rule{7px}{7px}}$ 612 pink,$\color{#EF8EA3}{\rule{7px}{7px}}$ 612 pink,
$\color{#744499}{\rule{7px}{7px}}$ 613 grape purple,$\color{#744499}{\rule{7px}{7px}}$ 613 grape purple,$\color{#744499}{\rule{7px}{7px}}$ 613 grape purple,$\color{#744499}{\rule{7px}{7px}}$ 613 grape purple,$\color{#744499}{\rule{7px}{7px}}$ 613 grape purple,$\color{#744499}{\rule{7px}{7px}}$ 613 grape purple,$\color{#744499}{\rule{7px}{7px}}$ 613 grape purple,$\color{#744499}{\rule{7px}{7px}}$ 613 grape purple,$\color{#744499}{\rule{7px}{7px}}$ 613 grape purple,$\color{#744499}{\rule{7px}{7px}}$ 613 grape purple,$\color{#744499}{\rule{7px}{7px}}$ 613 grape purple,
$\color{#8DC667}{\rule{7px}{7px}}$ 614 emerald green,$\color{#8DC667}{\rule{7px}{7px}}$ 614 emerald green,$\color{#8DC667}{\rule{7px}{7px}}$ 614 emerald green,$\color{#8DC667}{\rule{7px}{7px}}$ 614 emerald green,$\color{#8DC667}{\rule{7px}{7px}}$ 614 emerald green,$\color{#8DC667}{\rule{7px}{7px}}$ 614 emerald green,$\color{#8DC667}{\rule{7px}{7px}}$ 614 emerald green,$\color{#8DC667}{\rule{7px}{7px}}$ 614 emerald green,$\color{#8DC667}{\rule{7px}{7px}}$ 614 emerald green,$\color{#8DC667}{\rule{7px}{7px}}$ 614 emerald green,$\color{#8DC667}{\rule{7px}{7px}}$ 614 emerald green,$\color{#8DC667}{\rule{7px}{7px}}$ 614 emerald green
$\color{#FDDC03}{\rule{7px}{7px}}$ 615 bright yellow,$\color{#FDDC03}{\rule{7px}{7px}}$ 615 bright yellow,$\color{#FDDC03}{\rule{7px}{7px}}$ 615 bright yellow,$\color{#FDDC03}{\rule{7px}{7px}}$ 615 bright yellow,$\color{#FDDC03}{\rule{7px}{7px}}$ 615 bright yellow,$\color{#FDDC03}{\rule{7px}{7px}}$ 615 bright yellow,$\color{#FDDC03}{\rule{7px}{7px}}$ 615 bright yellow,$\color{#FDDC03}{\rule{7px}{7px}}$ 615 bright yellow,$\color{#FDDC03}{\rule{7px}{7px}}$ 615 bright yellow,$\color{#FDDC03}{\rule{7px}{7px}}$ 615 bright yellow,$\color{#FDDC03}{\rule{7px}{7px}}$ 615 bright yellow,
$\color{#018CB8}{\rule{7px}{7px}}$ 616 dazzle blue,$\color{#018CB8}{\rule{7px}{7px}}$ 616 dazzle blue,$\color{#018CB8}{\rule{7px}{7px}}$ 616 dazzle blue,$\color{#018CB8}{\rule{7px}{7px}}$ 616 dazzle blue,$\color{#018CB8}{\rule{7px}{7px}}$ 616 dazzle blue,$\color{#018CB8}{\rule{7px}{7px}}$ 616 dazzle blue,$\color{#018CB8}{\rule{7px}{7px}}$ 616 dazzle blue,$\color{#018CB8}{\rule{7px}{7px}}$ 616 dazzle blue,$\color{#018CB8}{\rule{7px}{7px}}$ 616 dazzle blue,$\color{#018CB8}{\rule{7px}{7px}}$ 616 dazzle blue,$\color{#018CB8}{\rule{7px}{7px}}$ 616 dazzle blue,
$\color{#0E579E}{\rule{7px}{7px}}$ 617 ink blue,$\color{#0E579E}{\rule{7px}{7px}}$ 617 ink blue,$\color{#0E579E}{\rule{7px}{7px}}$ 617 ink blue,$\color{#0E579E}{\rule{7px}{7px}}$ 617 ink blue,$\color{#0E579E}{\rule{7px}{7px}}$ 617 ink blue,$\color{#0E579E}{\rule{7px}{7px}}$ 617 ink blue,$\color{#0E579E}{\rule{7px}{7px}}$ 617 ink blue,$\color{#0E579E}{\rule{7px}{7px}}$ 617 ink blue,$\color{#0E579E}{\rule{7px}{7px}}$ 617 ink blue,$\color{#0E579E}{\rule{7px}{7px}}$ 617 ink blue,$\color{#0E579E}{\rule{7px}{7px}}$ 617 ink blue,
$\color{#E69545}{\rule{7px}{7px}}$ 618 amber,$\color{#E69545}{\rule{7px}{7px}}$ 618 amber,$\color{#E69545}{\rule{7px}{7px}}$ 618 amber,$\color{#E69545}{\rule{7px}{7px}}$ 618 amber,$\color{#E69545}{\rule{7px}{7px}}$ 618 amber,$\color{#E69545}{\rule{7px}{7px}}$ 618 amber,$\color{#E69545}{\rule{7px}{7px}}$ 618 amber,$\color{#E69545}{\rule{7px}{7px}}$ 618 amber,$\color{#E69545}{\rule{7px}{7px}}$ 618 amber,$\color{#E69545}{\rule{7px}{7px}}$ 618 amber,$\color{#E69545}{\rule{7px}{7px}}$ 618 amber,
$\color{#CE848B}{\rule{7px}{7px}}$ 619 carmine,$\color{#CE848B}{\rule{7px}{7px}}$ 619 carmine,$\color{#CE848B}{\rule{7px}{7px}}$ 619 carmine,$\color{#CE848B}{\rule{7px}{7px}}$ 619 carmine,$\color{#CE848B}{\rule{7px}{7px}}$ 619 carmine,$\color{#CE848B}{\rule{7px}{7px}}$ 619 carmine,$\color{#CE848B}{\rule{7px}{7px}}$ 619 carmine,$\color{#CE848B}{\rule{7px}{7px}}$ 619 carmine,$\color{#CE848B}{\rule{7px}{7px}}$ 619 carmine,$\color{#CE848B}{\rule{7px}{7px}}$ 619 carmine,$\color{#CE848B}{\rule{7px}{7px}}$ 619 carmine,
$\color{#A27169}{\rule{7px}{7px}}$ 620 coffee,$\color{#A27169}{\rule{7px}{7px}}$ 620 coffee,$\color{#A27169}{\rule{7px}{7px}}$ 620 coffee,$\color{#A27169}{\rule{7px}{7px}}$ 620 coffee,$\color{#A27169}{\rule{7px}{7px}}$ 620 coffee,$\color{#A27169}{\rule{7px}{7px}}$ 620 coffee,$\color{#A27169}{\rule{7px}{7px}}$ 620 coffee,$\color{#A27169}{\rule{7px}{7px}}$ 620 coffee,$\color{#A27169}{\rule{7px}{7px}}$ 620 coffee,$\color{#A27169}{\rule{7px}{7px}}$ 620 coffee,$\color{#A27169}{\rule{7px}{7px}}$ 620 coffee,$\color{#A27169}{\rule{7px}{7px}}$ 620 coffee
$\color{#027CCA}{\rule{7px}{7px}}$ 621 indigo blue,$\color{#027CCA}{\rule{7px}{7px}}$ 621 indigo blue,$\color{#027CCA}{\rule{7px}{7px}}$ 621 indigo blue,,,,,,,,,
$\color{#619A89}{\rule{7px}{7px}}$ 622 pine green,$\color{#619A89}{\rule{7px}{7px}}$ 622 pine green,$\color{#619A89}{\rule{7px}{7px}}$ 622 pine green,$\color{#619A89}{\rule{7px}{7px}}$ 622 pine green,$\color{#619A89}{\rule{7px}{7px}}$ 622 pine green,$\color{#619A89}{\rule{7px}{7px}}$ 622 pine green,$\color{#619A89}{\rule{7px}{7px}}$ 622 pine green,$\color{#619A89}{\rule{7px}{7px}}$ 622 pine green,$\color{#619A89}{\rule{7px}{7px}}$ 622 pine green,$\color{#619A89}{\rule{7px}{7px}}$ 622 pine green,$\color{#619A89}{\rule{7px}{7px}}$ 622 pine green,
$\color{#B597C6}{\rule{7px}{7px}}$ 623 wisteria,$\color{#B597C6}{\rule{7px}{7px}}$ 623 wisteria,$\color{#B597C6}{\rule{7px}{7px}}$ 623 wisteria,$\color{#B597C6}{\rule{7px}{7px}}$ 623 wisteria,$\color{#B597C6}{\rule{7px}{7px}}$ 623 wisteria,$\color{#B597C6}{\rule{7px}{7px}}$ 623 wisteria,$\color{#B597C6}{\rule{7px}{7px}}$ 623 wisteria,$\color{#B597C6}{\rule{7px}{7px}}$ 623 wisteria,$\color{#B597C6}{\rule{7px}{7px}}$ 623 wisteria,$\color{#B597C6}{\rule{7px}{7px}}$ 623 wisteria,$\color{#B597C6}{\rule{7px}{7px}}$ 623 wisteria,
$\color{#F4D7D7}{\rule{7px}{7px}}$ 624 pomelo pink,$\color{#F4D7D7}{\rule{7px}{7px}}$ 624 pomelo pink,$\color{#F4D7D7}{\rule{7px}{7px}}$ 624 pomelo pink,$\color{#F4D7D7}{\rule{7px}{7px}}$ 624 pomelo pink,$\color{#F4D7D7}{\rule{7px}{7px}}$ 624 pomelo pink,$\color{#F4D7D7}{\rule{7px}{7px}}$ 624 pomelo pink,$\color{#F4D7D7}{\rule{7px}{7px}}$ 624 pomelo pink,$\color{#F4D7D7}{\rule{7px}{7px}}$ 624 pomelo pink,$\color{#F4D7D7}{\rule{7px}{7px}}$ 624 pomelo pink,$\color{#F4D7D7}{\rule{7px}{7px}}$ 624 pomelo pink,,
$\color{#F9C6BA}{\rule{7px}{7px}}$ 625 cinnamon,$\color{#F9C6BA}{\rule{7px}{7px}}$ 625 cinnamon,$\color{#F9C6BA}{\rule{7px}{7px}}$ 625 cinnamon,$\color{#F9C6BA}{\rule{7px}{7px}}$ 625 cinnamon,$\color{#F9C6BA}{\rule{7px}{7px}}$ 625 cinnamon,$\color{#F9C6BA}{\rule{7px}{7px}}$ 625 cinnamon,$\color{#F9C6BA}{\rule{7px}{7px}}$ 625 cinnamon,$\color{#F9C6BA}{\rule{7px}{7px}}$ 625 cinnamon,,,,
$\color{#D5E6B1}{\rule{7px}{7px}}$ 626 rice white,$\color{#D5E6B1}{\rule{7px}{7px}}$ 626 rice white,$\color{#D5E6B1}{\rule{7px}{7px}}$ 626 rice white,$\color{#D5E6B1}{\rule{7px}{7px}}$ 626 rice white,$\color{#D5E6B1}{\rule{7px}{7px}}$ 626 rice white,$\color{#D5E6B1}{\rule{7px}{7px}}$ 626 rice white,$\color{#D5E6B1}{\rule{7px}{7px}}$ 626 rice white,$\color{#D5E6B1}{\rule{7px}{7px}}$ 626 rice white,$\color{#D5E6B1}{\rule{7px}{7px}}$ 626 rice white,$\color{#D5E6B1}{\rule{7px}{7px}}$ 626 rice white,,
$\color{#BADDBE}{\rule{7px}{7px}}$ 627 mint green,$\color{#BADDBE}{\rule{7px}{7px}}$ 627 mint green,$\color{#BADDBE}{\rule{7px}{7px}}$ 627 mint green,$\color{#BADDBE}{\rule{7px}{7px}}$ 627 mint green,$\color{#BADDBE}{\rule{7px}{7px}}$ 627 mint green,$\color{#BADDBE}{\rule{7px}{7px}}$ 627 mint green,$\color{#BADDBE}{\rule{7px}{7px}}$ 627 mint green,$\color{#BADDBE}{\rule{7px}{7px}}$ 627 mint green,$\color{#BADDBE}{\rule{7px}{7px}}$ 627 mint green,$\color{#BADDBE}{\rule{7px}{7px}}$ 627 mint green,,
$\color{#B1DEF1}{\rule{7px}{7px}}$ 628 milk blue,$\color{#B1DEF1}{\rule{7px}{7px}}$ 628 milk blue,$\color{#B1DEF1}{\rule{7px}{7px}}$ 628 milk blue,$\color{#B1DEF1}{\rule{7px}{7px}}$ 628 milk blue,$\color{#B1DEF1}{\rule{7px}{7px}}$ 628 milk blue,$\color{#B1DEF1}{\rule{7px}{7px}}$ 628 milk blue,$\color{#B1DEF1}{\rule{7px}{7px}}$ 628 milk blue,$\color{#B1DEF1}{\rule{7px}{7px}}$ 628 milk blue,$\color{#B1DEF1}{\rule{7px}{7px}}$ 628 milk blue," ",,
$\color{#ACB2D7}{\rule{7px}{7px}}$ 629 taro purple,$\color{#ACB2D7}{\rule{7px}{7px}}$ 629 taro purple,$\color{#ACB2D7}{\rule{7px}{7px}}$ 629 taro purple,$\color{#ACB2D7}{\rule{7px}{7px}}$ 629 taro purple,$\color{#ACB2D7}{\rule{7px}{7px}}$ 629 taro purple,$\color{#ACB2D7}{\rule{7px}{7px}}$ 629 taro purple,$\color{#ACB2D7}{\rule{7px}{7px}}$ 629 taro purple,$\color{#ACB2D7}{\rule{7px}{7px}}$ 629 taro purple,$\color{#ACB2D7}{\rule{7px}{7px}}$ 629 taro purple,,,
$\color{#E5C8C4}{\rule{7px}{7px}}$ 630 bean paste pink,$\color{#E5C8C4}{\rule{7px}{7px}}$ 630 bean paste pink,$\color{#E5C8C4}{\rule{7px}{7px}}$ 630 bean paste pink,$\color{#E5C8C4}{\rule{7px}{7px}}$ 630 bean paste pink,$\color{#E5C8C4}{\rule{7px}{7px}}$ 630 bean paste pink,$\color{#E5C8C4}{\rule{7px}{7px}}$ 630 bean paste pink,$\color{#E5C8C4}{\rule{7px}{7px}}$ 630 bean paste pink,$\color{#E5C8C4}{\rule{7px}{7px}}$ 630 bean paste pink,,,,
$\color{#EE7734}{\rule{7px}{7px}}$ 631 vermilion,$\color{#EE7734}{\rule{7px}{7px}}$ 631 vermilion,$\color{#EE7734}{\rule{7px}{7px}}$ 631 vermilion,,,,,,,,,
$\color{#D6461E}{\rule{7px}{7px}}$ 632 apple red,$\color{#D6461E}{\rule{7px}{7px}}$ 632 apple red,$\color{#D6461E}{\rule{7px}{7px}}$ 632 apple red,,,,,,,,,
$\color{#739EAB}{\rule{7px}{7px}}$ 633 haze blue,$\color{#739EAB}{\rule{7px}{7px}}$ 633 haze blue,$\color{#739EAB}{\rule{7px}{7px}}$ 633 haze blue,$\color{#739EAB}{\rule{7px}{7px}}$ 633 haze blue,$\color{#739EAB}{\rule{7px}{7px}}$ 633 haze blue,$\color{#739EAB}{\rule{7px}{7px}}$ 633 haze blue,$\color{#739EAB}{\rule{7px}{7px}}$ 633 haze blue,,,,,
$\color{#38963B}{\rule{7px}{7px}}$ 634 forest green,$\color{#38963B}{\rule{7px}{7px}}$ 634 forest green,$\color{#38963B}{\rule{7px}{7px}}$ 634 forest green,$\color{#38963B}{\rule{7px}{7px}}$ 634 forest green,$\color{#38963B}{\rule{7px}{7px}}$ 634 forest green,$\color{#38963B}{\rule{7px}{7px}}$ 634 forest green,$\color{#38963B}{\rule{7px}{7px}}$ 634 forest green,$\color{#38963B}{\rule{7px}{7px}}$ 634 forest green,$\color{#38963B}{\rule{7px}{7px}}$ 634 forest green,$\color{#38963B}{\rule{7px}{7px}}$ 634 forest green,$\color{#38963B}{\rule{7px}{7px}}$ 634 forest green,
$\color{#B7B1D7}{\rule{7px}{7px}}$ 635 purple,$\color{#B7B1D7}{\rule{7px}{7px}}$ 635 purple,$\color{#B7B1D7}{\rule{7px}{7px}}$ 635 purple,$\color{#B7B1D7}{\rule{7px}{7px}}$ 635 purple,$\color{#B7B1D7}{\rule{7px}{7px}}$ 635 purple,$\color{#B7B1D7}{\rule{7px}{7px}}$ 635 purple,$\color{#B7B1D7}{\rule{7px}{7px}}$ 635 purple,$\color{#B7B1D7}{\rule{7px}{7px}}$ 635 purple,$\color{#B7B1D7}{\rule{7px}{7px}}$ 635 purple,,,
$\color{#026E92}{\rule{7px}{7px}}$ 636 bicheng blue,$\color{#026E92}{\rule{7px}{7px}}$ 636 bicheng blue,$\color{#026E92}{\rule{7px}{7px}}$ 636 bicheng blue,,,,,,,,,
$\color{#A2A77A}{\rule{7px}{7px}}$ 637 local green,$\color{#A2A77A}{\rule{7px}{7px}}$ 637 local green,$\color{#A2A77A}{\rule{7px}{7px}}$ 637 local green,,$\color{#A2A77A}{\rule{7px}{7px}}$ 637 local green,$\color{#A2A77A}{\rule{7px}{7px}}$ 637 local green,$\color{#A2A77A}{\rule{7px}{7px}}$ 637 local green,$\color{#A2A77A}{\rule{7px}{7px}}$ 637 local green,,,,
$\color{#C8C7B3}{\rule{7px}{7px}}$ 638 curious mind,$\color{#C8C7B3}{\rule{7px}{7px}}$ 638 curious mind,$\color{#C8C7B3}{\rule{7px}{7px}}$ 638 curious mind,$\color{#C8C7B3}{\rule{7px}{7px}}$ 638 curious mind,$\color{#C8C7B3}{\rule{7px}{7px}}$ 638 curious mind,$\color{#C8C7B3}{\rule{7px}{7px}}$ 638 curious mind,$\color{#C8C7B3}{\rule{7px}{7px}}$ 638 curious mind,,,,,
$\color{#C49580}{\rule{7px}{7px}}$ 639 grounded red,$\color{#C49580}{\rule{7px}{7px}}$ 639 grounded red,$\color{#C49580}{\rule{7px}{7px}}$ 639 grounded red,$\color{#C49580}{\rule{7px}{7px}}$ 639 grounded red,$\color{#C49580}{\rule{7px}{7px}}$ 639 grounded red,$\color{#C49580}{\rule{7px}{7px}}$ 639 grounded red,$\color{#C49580}{\rule{7px}{7px}}$ 639 grounded red,,,,,
$\color{#B1AF55}{\rule{7px}{7px}}$ 640 spring green,$\color{#B1AF55}{\rule{7px}{7px}}$ 640 spring green,$\color{#B1AF55}{\rule{7px}{7px}}$ 640 spring green,,,,,,,,,
$\color{#80A48C}{\rule{7px}{7px}}$ 641 celadon,$\color{#80A48C}{\rule{7px}{7px}}$ 641 celadon,$\color{#80A48C}{\rule{7px}{7px}}$ 641 celadon,,,,,,,,,
$\color{#547246}{\rule{7px}{7px}}$ 642 verdant hills green,$\color{#547246}{\rule{7px}{7px}}$ 642 verdant hills green,$\color{#547246}{\rule{7px}{7px}}$ 642 verdant hills green,,,,,,,,,
$\color{#6D5D40}{\rule{7px}{7px}}$ 643 russet,$\color{#6D5D40}{\rule{7px}{7px}}$ 643 russet,$\color{#6D5D40}{\rule{7px}{7px}}$ 643 russet,$\color{#6D5D40}{\rule{7px}{7px}}$ 643 russet,$\color{#6D5D40}{\rule{7px}{7px}}$ 643 russet,$\color{#6D5D40}{\rule{7px}{7px}}$ 643 russet,$\color{#6D5D40}{\rule{7px}{7px}}$ 643 russet,$\color{#6D5D40}{\rule{7px}{7px}}$ 643 russet,,,,
$\color{#DEA685}{\rule{7px}{7px}}$ 644 clay colour,$\color{#DEA685}{\rule{7px}{7px}}$ 644 clay colour,$\color{#DEA685}{\rule{7px}{7px}}$ 644 clay colour,$\color{#DEA685}{\rule{7px}{7px}}$ 644 clay colour,$\color{#DEA685}{\rule{7px}{7px}}$ 644 clay colour,$\color{#DEA685}{\rule{7px}{7px}}$ 644 clay colour,$\color{#DEA685}{\rule{7px}{7px}}$ 644 clay colour,,,,,
$\color{#E5CEA6}{\rule{7px}{7px}}$ 645 medieval yellow,$\color{#E5CEA6}{\rule{7px}{7px}}$ 645 medieval yellow,$\color{#E5CEA6}{\rule{7px}{7px}}$ 645 medieval yellow,$\color{#E5CEA6}{\rule{7px}{7px}}$ 645 medieval yellow,$\color{#E5CEA6}{\rule{7px}{7px}}$ 645 medieval yellow,$\color{#E5CEA6}{\rule{7px}{7px}}$ 645 medieval yellow,$\color{#E5CEA6}{\rule{7px}{7px}}$ 645 medieval yellow,$\color{#E5CEA6}{\rule{7px}{7px}}$ 645 medieval yellow,,,,
$\color{#EBEAD6}{\rule{7px}{7px}}$ 646 hummus,$\color{#EBEAD6}{\rule{7px}{7px}}$ 646 hummus,$\color{#EBEAD6}{\rule{7px}{7px}}$ 646 hummus,$\color{#EBEAD6}{\rule{7px}{7px}}$ 646 hummus,$\color{#EBEAD6}{\rule{7px}{7px}}$ 646 hummus,$\color{#EBEAD6}{\rule{7px}{7px}}$ 646 hummus,$\color{#EBEAD6}{\rule{7px}{7px}}$ 646 hummus,$\color{#EBEAD6}{\rule{7px}{7px}}$ 646 hummus,$\color{#EBEAD6}{\rule{7px}{7px}}$ 646 hummus,,,
$\color{#96B83D}{\rule{7px}{7px}}$ 647 bamboo shoot green,$\color{#96B83D}{\rule{7px}{7px}}$ 647 bamboo shoot green,$\color{#96B83D}{\rule{7px}{7px}}$ 647 bamboo shoot green,,,,,,,,,
$\color{#CDE06A}{\rule{7px}{7px}}$ 648 Sprout green,,$\color{#CDE06A}{\rule{7px}{7px}}$ 648 Sprout green,$\color{#CDE06A}{\rule{7px}{7px}}$ 648 Sprout green,$\color{#CDE06A}{\rule{7px}{7px}}$ 648 Sprout green,$\color{#CDE06A}{\rule{7px}{7px}}$ 648 Sprout green,$\color{#CDE06A}{\rule{7px}{7px}}$ 648 Sprout green,$\color{#CDE06A}{\rule{7px}{7px}}$ 648 Sprout green,,,,
$\color{#F6A25B}{\rule{7px}{7px}}$ 649 light orange,$\color{#F6A25B}{\rule{7px}{7px}}$ 649 light orange,$\color{#F6A25B}{\rule{7px}{7px}}$ 649 light orange,$\color{#F6A25B}{\rule{7px}{7px}}$ 649 light orange,$\color{#F6A25B}{\rule{7px}{7px}}$ 649 light orange,$\color{#F6A25B}{\rule{7px}{7px}}$ 649 light orange,$\color{#F6A25B}{\rule{7px}{7px}}$ 649 light orange,$\color{#F6A25B}{\rule{7px}{7px}}$ 649 light orange,$\color{#F6A25B}{\rule{7px}{7px}}$ 649 light orange,$\color{#F6A25B}{\rule{7px}{7px}}$ 649 light orange,,
$\color{#0190D8}{\rule{7px}{7px}}$ 650 blue,$\color{#0190D8}{\rule{7px}{7px}}$ 650 blue,$\color{#0190D8}{\rule{7px}{7px}}$ 650 blue,$\color{#0190D8}{\rule{7px}{7px}}$ 650 blue,$\color{#0190D8}{\rule{7px}{7px}}$ 650 blue,$\color{#0190D8}{\rule{7px}{7px}}$ 650 blue,$\color{#0190D8}{\rule{7px}{7px}}$ 650 blue,$\color{#0190D8}{\rule{7px}{7px}}$ 650 blue,$\color{#0190D8}{\rule{7px}{7px}}$ 650 blue,$\color{#0190D8}{\rule{7px}{7px}}$ 650 blue,,
$\color{#8791C6}{\rule{7px}{7px}}$ 651 violet,$\color{#8791C6}{\rule{7px}{7px}}$ 651 violet,$\color{#8791C6}{\rule{7px}{7px}}$ 651 violet,$\color{#8791C6}{\rule{7px}{7px}}$ 651 violet,$\color{#8791C6}{\rule{7px}{7px}}$ 651 violet,$\color{#8791C6}{\rule{7px}{7px}}$ 651 violet,$\color{#8791C6}{\rule{7px}{7px}}$ 651 violet,$\color{#8791C6}{\rule{7px}{7px}}$ 651 violet,$\color{#8791C6}{\rule{7px}{7px}}$ 651 violet,$\color{#8791C6}{\rule{7px}{7px}}$ 651 violet,,
$\color{#C3C769}{\rule{7px}{7px}}$ 652 primrose green,$\color{#C3C769}{\rule{7px}{7px}}$ 652 primrose green,$\color{#C3C769}{\rule{7px}{7px}}$ 652 primrose green,$\color{#C3C769}{\rule{7px}{7px}}$ 652 primrose green,$\color{#C3C769}{\rule{7px}{7px}}$ 652 primrose green,$\color{#C3C769}{\rule{7px}{7px}}$ 652 primrose green,$\color{#C3C769}{\rule{7px}{7px}}$ 652 primrose green,$\color{#C3C769}{\rule{7px}{7px}}$ 652 primrose green,$\color{#C3C769}{\rule{7px}{7px}}$ 652 primrose green,$\color{#C3C769}{\rule{7px}{7px}}$ 652 army green,,
$\color{#24B9A9}{\rule{7px}{7px}}$ 653 bluish green,$\color{#24B9A9}{\rule{7px}{7px}}$ 653 bluish green,$\color{#24B9A9}{\rule{7px}{7px}}$ 653 bluish green,,,,,,,,,
$\color{#E7C3B2}{\rule{7px}{7px}}$ 654 flesh color,$\color{#E7C3B2}{\rule{7px}{7px}}$ 654 flesh color,$\color{#E7C3B2}{\rule{7px}{7px}}$ 654 flesh color,$\color{#E7C3B2}{\rule{7px}{7px}}$ 654 flesh color,$\color{#E7C3B2}{\rule{7px}{7px}}$ 654 flesh color,$\color{#E7C3B2}{\rule{7px}{7px}}$ 654 skin color,$\color{#E7C3B2}{\rule{7px}{7px}}$ 654 flesh color,$\color{#E7C3B2}{\rule{7px}{7px}}$ 654 flesh color,$\color{#E7C3B2}{\rule{7px}{7px}}$ 654 flesh color,$\color{#E7C3B2}{\rule{7px}{7px}}$ 654 flesh color,,
$\color{#EE94BB}{\rule{7px}{7px}}$ 655 rose,$\color{#EE94BB}{\rule{7px}{7px}}$ 655 rose,$\color{#EE94BB}{\rule{7px}{7px}}$ 655 rose,$\color{#EE94BB}{\rule{7px}{7px}}$ 655 rose,$\color{#EE94BB}{\rule{7px}{7px}}$ 655 rose,$\color{#EE94BB}{\rule{7px}{7px}}$ 655 rose,$\color{#EE94BB}{\rule{7px}{7px}}$ 655 rose,$\color{#EE94BB}{\rule{7px}{7px}}$ 655 rose,$\color{#EE94BB}{\rule{7px}{7px}}$ 655 rose,$\color{#EE94BB}{\rule{7px}{7px}}$ 655 rose,$\color{#EE94BB}{\rule{7px}{7px}}$ 655 rose,
$\color{#FEE46B}{\rule{7px}{7px}}$ 656 earthy yellow,$\color{#FEE46B}{\rule{7px}{7px}}$ 656 earthy yellow,$\color{#FEE46B}{\rule{7px}{7px}}$ 656 earthy yellow,$\color{#FEE46B}{\rule{7px}{7px}}$ 656 earthy yellow,$\color{#FEE46B}{\rule{7px}{7px}}$ 656 earthy yellow,$\color{#FEE46B}{\rule{7px}{7px}}$ 656 earthy yellow,$\color{#FEE46B}{\rule{7px}{7px}}$ 656 earthy yellow,$\color{#FEE46B}{\rule{7px}{7px}}$ 656 earthy yellow,$\color{#FEE46B}{\rule{7px}{7px}}$ 656 earthy yellow,$\color{#FEE46B}{\rule{7px}{7px}}$ 656 earthy yellow,,
$\color{#79AC36}{\rule{7px}{7px}}$ 657 bishan green,$\color{#79AC36}{\rule{7px}{7px}}$ 657 bishan green,$\color{#79AC36}{\rule{7px}{7px}}$ 657 bishan green,,,,,,,,,
$\color{#F4C1D9}{\rule{7px}{7px}}$ 658 light pink,$\color{#F4C1D9}{\rule{7px}{7px}}$ 658 light pink,$\color{#F4C1D9}{\rule{7px}{7px}}$ 658 light pink,$\color{#F4C1D9}{\rule{7px}{7px}}$ 658 light pink,$\color{#F4C1D9}{\rule{7px}{7px}}$ 658 light pink,$\color{#F4C1D9}{\rule{7px}{7px}}$ 658 light pink,$\color{#F4C1D9}{\rule{7px}{7px}}$ 658 light pink,$\color{#F4C1D9}{\rule{7px}{7px}}$ 658 light pink,$\color{#F4C1D9}{\rule{7px}{7px}}$ 658 light pink,$\color{#F4C1D9}{\rule{7px}{7px}}$ 658 light pink,,
$\color{#0169B8}{\rule{7px}{7px}}$ 659 dark blue,$\color{#0169B8}{\rule{7px}{7px}}$ 659 dark blue,$\color{#0169B8}{\rule{7px}{7px}}$ 659 dark blue,$\color{#0169B8}{\rule{7px}{7px}}$ 659 dark blue,,,,,,,,
$\color{#ED72A9}{\rule{7px}{7px}}$ 660 heartbreak pink,$\color{#ED72A9}{\rule{7px}{7px}}$ 660 heartbreak pink,$\color{#ED72A9}{\rule{7px}{7px}}$ 660 heartbreak pink,,,,,,,,,
$\color{#EE7867}{\rule{7px}{7px}}$ 661 vibrant red,$\color{#EE7867}{\rule{7px}{7px}}$ 661 vibrant red,$\color{#EE7867}{\rule{7px}{7px}}$ 661 vibrant red,,,,,,,,,
$\color{#89C455}{\rule{7px}{7px}}$ 662 vibrant green,$\color{#89C455}{\rule{7px}{7px}}$ 662 vibrant green,$\color{#89C455}{\rule{7px}{7px}}$ 662 vibrant green,,,,,,,,,
$\color{#EB5D26}{\rule{7px}{7px}}$ 663 reddish orange,,$\color{#EB5D26}{\rule{7px}{7px}}$ 663 reddish orange,$\color{#EB5D26}{\rule{7px}{7px}}$ 663 reddish orange,$\color{#EB5D26}{\rule{7px}{7px}}$ 663 reddish orange,$\color{#EB5D26}{\rule{7px}{7px}}$ 663 reddish orange,$\color{#EB5D26}{\rule{7px}{7px}}$ 663 reddish orange,$\color{#EB5D26}{\rule{7px}{7px}}$ 663 reddish orange,$\color{#EB5D26}{\rule{7px}{7px}}$ 663 reddish orange,,,
$\color{#E1201D}{\rule{7px}{7px}}$ 664 bright red,$\color{#E1201D}{\rule{7px}{7px}}$ 664 bright red,$\color{#E1201D}{\rule{7px}{7px}}$ 664 bright red,$\color{#E1201D}{\rule{7px}{7px}}$ 664 bright red,$\color{#E1201D}{\rule{7px}{7px}}$ 664 bright red,$\color{#E1201D}{\rule{7px}{7px}}$ 664 bright red,$\color{#E1201D}{\rule{7px}{7px}}$ 664 bright red,$\color{#E1201D}{\rule{7px}{7px}}$ 664 bright red,$\color{#E1201D}{\rule{7px}{7px}}$ 664 bright red,,,
$\color{#5FA756}{\rule{7px}{7px}}$ 665 leaf green,$\color{#5FA756}{\rule{7px}{7px}}$ 665 leaf green,$\color{#5FA756}{\rule{7px}{7px}}$ 665 leaf green,$\color{#5FA756}{\rule{7px}{7px}}$ 665 leaf green,$\color{#5FA756}{\rule{7px}{7px}}$ 665 leaf green,$\color{#5FA756}{\rule{7px}{7px}}$ 665 leaf green,$\color{#5FA756}{\rule{7px}{7px}}$ 665 leaf green,$\color{#5FA756}{\rule{7px}{7px}}$ 665 leaf green,$\color{#5FA756}{\rule{7px}{7px}}$ 665 leaf green,,,
$\color{#D14285}{\rule{7px}{7px}}$ 666 purplish red,$\color{#D14285}{\rule{7px}{7px}}$ 666 purplish red,$\color{#D14285}{\rule{7px}{7px}}$ 666 purplish red,$\color{#D14285}{\rule{7px}{7px}}$ 666 purplish red,$\color{#D14285}{\rule{7px}{7px}}$ 666 purplish red,$\color{#D14285}{\rule{7px}{7px}}$ 666 purplish red,$\color{#D14285}{\rule{7px}{7px}}$ 666 purplish red,,,,,
$\color{#ED706F}{\rule{7px}{7px}}$ 667 thin red,$\color{#ED706F}{\rule{7px}{7px}}$ 667 thin red,$\color{#ED706F}{\rule{7px}{7px}}$ 667 thin red,$\color{#ED706F}{\rule{7px}{7px}}$ 667 thin red,$\color{#ED706F}{\rule{7px}{7px}}$ 667 thin red,$\color{#ED706F}{\rule{7px}{7px}}$ 667 thin red,$\color{#ED706F}{\rule{7px}{7px}}$ 667 thin red,$\color{#ED706F}{\rule{7px}{7px}}$ 667 thin red,,,,
$\color{#1CAC54}{\rule{7px}{7px}}$ 668 stone cyan,$\color{#1CAC54}{\rule{7px}{7px}}$ 668 stone cyan,$\color{#1CAC54}{\rule{7px}{7px}}$ 668 stone cyan,$\color{#1CAC54}{\rule{7px}{7px}}$ 668 stone cyan,$\color{#1CAC54}{\rule{7px}{7px}}$ 668 stone cyan,$\color{#1CAC54}{\rule{7px}{7px}}$ 668 stone cyan,$\color{#1CAC54}{\rule{7px}{7px}}$ 668 stone cyan,$\color{#1CAC54}{\rule{7px}{7px}}$ 668 stone cyan,$\color{#1CAC54}{\rule{7px}{7px}}$ 668 stone cyan,,,
$\color{#9FCE73}{\rule{7px}{7px}}$ 669 grass green,$\color{#9FCE73}{\rule{7px}{7px}}$ 669 grass green,$\color{#9FCE73}{\rule{7px}{7px}}$ 669 grass green,$\color{#9FCE73}{\rule{7px}{7px}}$ 669 grass green,$\color{#9FCE73}{\rule{7px}{7px}}$ 669 grass green,$\color{#9FCE73}{\rule{7px}{7px}}$ 669 grass green,$\color{#9FCE73}{\rule{7px}{7px}}$ 669 grass green,$\color{#9FCE73}{\rule{7px}{7px}}$ 669 grass green,,,,
$\color{#799BCB}{\rule{7px}{7px}}$ 670 rattan,$\color{#799BCB}{\rule{7px}{7px}}$ 670 rattan,$\color{#799BCB}{\rule{7px}{7px}}$ 670 rattan,$\color{#799BCB}{\rule{7px}{7px}}$ 670 rattan,$\color{#799BCB}{\rule{7px}{7px}}$ 670 rattan,$\color{#799BCB}{\rule{7px}{7px}}$ 670 rattan,$\color{#799BCB}{\rule{7px}{7px}}$ 670 rattan,$\color{#799BCB}{\rule{7px}{7px}}$ 670 rattan,,,,
$\color{#C2305D}{\rule{7px}{7px}}$ 671 wine red,$\color{#C2305D}{\rule{7px}{7px}}$ 671 wine red,$\color{#C2305D}{\rule{7px}{7px}}$ 671 wine red,$\color{#C2305D}{\rule{7px}{7px}}$ 671 wine red,$\color{#C2305D}{\rule{7px}{7px}}$ 671 wine red,$\color{#C2305D}{\rule{7px}{7px}}$ 671 wine red,$\color{#C2305D}{\rule{7px}{7px}}$ 671 wine red,$\color{#C2305D}{\rule{7px}{7px}}$ 671 wine red,$\color{#C2305D}{\rule{7px}{7px}}$ 671 wine red,,,
$\color{#A24C3C}{\rule{7px}{7px}}$ 672 brownish red,$\color{#A24C3C}{\rule{7px}{7px}}$ 672 brownish red,$\color{#A24C3C}{\rule{7px}{7px}}$ 672 brownish red,$\color{#A24C3C}{\rule{7px}{7px}}$ 672 brownish red,$\color{#A24C3C}{\rule{7px}{7px}}$ 672 brownish red,$\color{#A24C3C}{\rule{7px}{7px}}$ 672 brownish red,$\color{#A24C3C}{\rule{7px}{7px}}$ 672 brownish red,$\color{#A24C3C}{\rule{7px}{7px}}$ 672 brownish red,$\color{#A24C3C}{\rule{7px}{7px}}$ 672 brownish red,,,
$\color{#1D2186}{\rule{7px}{7px}}$ 673 klein blue,$\color{#1D2186}{\rule{7px}{7px}}$ 673 klein blue,$\color{#1D2186}{\rule{7px}{7px}}$ 673 klein blue,$\color{#1D2186}{\rule{7px}{7px}}$ 673 klein blue,$\color{#1D2186}{\rule{7px}{7px}}$ 673 klein blue,$\color{#1D2186}{\rule{7px}{7px}}$ 673 klein blue,$\color{#1D2186}{\rule{7px}{7px}}$ 673 klein blue,$\color{#1D2186}{\rule{7px}{7px}}$ 673 klein blue,$\color{#1D2186}{\rule{7px}{7px}}$ 673 klein blue,,,
$\color{#C94033}{\rule{7px}{7px}}$ 674 strong brown,$\color{#C94033}{\rule{7px}{7px}}$ 674 strong brown,$\color{#C94033}{\rule{7px}{7px}}$ 674 strong brown,$\color{#C94033}{\rule{7px}{7px}}$ 674 strong brown,$\color{#C94033}{\rule{7px}{7px}}$ 674 strong brown,$\color{#C94033}{\rule{7px}{7px}}$ 674 strong brown,$\color{#C94033}{\rule{7px}{7px}}$ 674 strong brown,,,,,
$\color{#8A4F6C}{\rule{7px}{7px}}$ 675 sauce purple,$\color{#8A4F6C}{\rule{7px}{7px}}$ 675 sauce purple,$\color{#8A4F6C}{\rule{7px}{7px}}$ 675 sauce purple,$\color{#8A4F6C}{\rule{7px}{7px}}$ 675 sauce purple,$\color{#8A4F6C}{\rule{7px}{7px}}$ 675 sauce purple,$\color{#8A4F6C}{\rule{7px}{7px}}$ 675 sauce purple,$\color{#8A4F6C}{\rule{7px}{7px}}$ 675 sauce purple,,,,,
$\color{#008D3D}{\rule{7px}{7px}}$ 676 dark green,$\color{#008D3D}{\rule{7px}{7px}}$ 676 dark green,$\color{#008D3D}{\rule{7px}{7px}}$ 676 dark green,$\color{#008D3D}{\rule{7px}{7px}}$ 676 dark green,$\color{#008D3D}{\rule{7px}{7px}}$ 676 dark green,$\color{#008D3D}{\rule{7px}{7px}}$ 676 dark green,$\color{#008D3D}{\rule{7px}{7px}}$ 676 dark green,$\color{#008D3D}{\rule{7px}{7px}}$ 676 dark green,,,,
$\color{#F2ABAC}{\rule{7px}{7px}}$ 677 peach red,$\color{#F2ABAC}{\rule{7px}{7px}}$ 677 peach red,$\color{#F2ABAC}{\rule{7px}{7px}}$ 677 peach red,,,,,,,,,
$\color{#302579}{\rule{7px}{7px}}$ 678 dark purple,$\color{#302579}{\rule{7px}{7px}}$ 678 dark purple,$\color{#302579}{\rule{7px}{7px}}$ 678 dark purple,$\color{#302579}{\rule{7px}{7px}}$ 678 dark purple,$\color{#302579}{\rule{7px}{7px}}$ 678 dark purple,$\color{#302579}{\rule{7px}{7px}}$ 678 dark purple,$\color{#302579}{\rule{7px}{7px}}$ 678 dark purple,,,,,
$\color{#61585B}{\rule{7px}{7px}}$ 679 grayish red,$\color{#61585B}{\rule{7px}{7px}}$ 679 grayish red,$\color{#61585B}{\rule{7px}{7px}}$ 679 grayish red,$\color{#61585B}{\rule{7px}{7px}}$ 679 grayish red,$\color{#61585B}{\rule{7px}{7px}}$ 679 grayish red,$\color{#61585B}{\rule{7px}{7px}}$ 679 grayish red,$\color{#61585B}{\rule{7px}{7px}}$ 679 grayish red,,,,,
$\color{#3E464D}{\rule{7px}{7px}}$ 680 stone gray,$\color{#3E464D}{\rule{7px}{7px}}$ 680 stone gray,$\color{#3E464D}{\rule{7px}{7px}}$ 680 stone gray,$\color{#3E464D}{\rule{7px}{7px}}$ 680 stone gray,$\color{#3E464D}{\rule{7px}{7px}}$ 680 stone gray,$\color{#3E464D}{\rule{7px}{7px}}$ 680 stone gray,$\color{#3E464D}{\rule{7px}{7px}}$ 680 stone gray,,,,,
$\color{#7BA8B6}{\rule{7px}{7px}}$ 681 group cyan,$\color{#7BA8B6}{\rule{7px}{7px}}$ 681 group cyan,$\color{#7BA8B6}{\rule{7px}{7px}}$ 681 group cyan,$\color{#7BA8B6}{\rule{7px}{7px}}$ 681 group cyan,$\color{#7BA8B6}{\rule{7px}{7px}}$ 681 group cyan,$\color{#7BA8B6}{\rule{7px}{7px}}$ 681 group cyan,$\color{#7BA8B6}{\rule{7px}{7px}}$ 681 group cyan,$\color{#7BA8B6}{\rule{7px}{7px}}$ 681 group cyan," $\color{#7BA8B6}{\rule{7px}{7px}}$ 681 group cyan",,,
$\color{#669539}{\rule{7px}{7px}}$ 682 bamboo green,$\color{#669539}{\rule{7px}{7px}}$ 682 bamboo green,$\color{#669539}{\rule{7px}{7px}}$ 682 bamboo green,$\color{#669539}{\rule{7px}{7px}}$ 682 bamboo green,$\color{#669539}{\rule{7px}{7px}}$ 682 bamboo green,$\color{#669539}{\rule{7px}{7px}}$ 682 bamboo green,$\color{#669539}{\rule{7px}{7px}}$ 682 bamboo green,,,,,
$\color{#FDE7C6}{\rule{7px}{7px}}$ 683 creamy white,$\color{#FDE7C6}{\rule{7px}{7px}}$ 683 creamy white,,,,$\color{#FDE7C6}{\rule{7px}{7px}}$ 683 creamy white,$\color{#FDE7C6}{\rule{7px}{7px}}$ 683 creamy white,$\color{#FDE7C6}{\rule{7px}{7px}}$ 683 creamy white,,,,
$\color{#F29068}{\rule{7px}{7px}}$ 683 reddish orange,$\color{#F29068}{\rule{7px}{7px}}$ 683 reddish orange,$\color{#FEEACA}{\rule{7px}{7px}}$ 683 creamy white,$\color{#FEEACA}{\rule{7px}{7px}}$ 683 creamy white,$\color{#FEEACA}{\rule{7px}{7px}}$ 683 creamy white,,,,,,,
$\color{#F7C992}{\rule{7px}{7px}}$ 684 apricot yellow,$\color{#F7C992}{\rule{7px}{7px}}$ 684 apricot yellow,$\color{#F7C992}{\rule{7px}{7px}}$ 684 apricot yellow,$\color{#F7C992}{\rule{7px}{7px}}$ 684 apricot yellow,$\color{#F7C992}{\rule{7px}{7px}}$ 684 apricot yellow,$\color{#F7C992}{\rule{7px}{7px}}$ 684 apricot yellow,$\color{#F7C992}{\rule{7px}{7px}}$ 684 apricot yellow,$\color{#F7C992}{\rule{7px}{7px}}$ 684 apricot yellow,$\color{#F7C992}{\rule{7px}{7px}}$ 684 apricot yellow,,,
$\color{#9DD1A6}{\rule{7px}{7px}}$ 685 onion green,$\color{#9DD1A6}{\rule{7px}{7px}}$ 685 onion green,$\color{#9DD1A6}{\rule{7px}{7px}}$ 685 onion green,$\color{#9DD1A6}{\rule{7px}{7px}}$ 685 onion green,$\color{#9DD1A6}{\rule{7px}{7px}}$ 685 onion green,$\color{#9DD1A6}{\rule{7px}{7px}}$ 685 onion green,$\color{#9DD1A6}{\rule{7px}{7px}}$ 685 onion green,,,,,
$\color{#CDCFCC}{\rule{7px}{7px}}$ 686 light gray,$\color{#CDCFCC}{\rule{7px}{7px}}$ 686 light gray,$\color{#CDCFCC}{\rule{7px}{7px}}$ 686 light gray,$\color{#CDCFCC}{\rule{7px}{7px}}$ 686 light gray,$\color{#CDCFCC}{\rule{7px}{7px}}$ 686 light gray,$\color{#CDCFCC}{\rule{7px}{7px}}$ 686 light gray,$\color{#CDCFCC}{\rule{7px}{7px}}$ 686 light gray,$\color{#CDCFCC}{\rule{7px}{7px}}$ 686 light gray,,,,
$\color{#54A23C}{\rule{7px}{7px}}$ 687 bright green,$\color{#54A23C}{\rule{7px}{7px}}$ 687 bright green,$\color{#54A23C}{\rule{7px}{7px}}$ 687 bright green,$\color{#54A23C}{\rule{7px}{7px}}$ 687 bright green,$\color{#54A23C}{\rule{7px}{7px}}$ 687 bright green,$\color{#54A23C}{\rule{7px}{7px}}$ 687 bright green,,,,,,
$\color{#104D5F}{\rule{7px}{7px}}$ 688 dark cyan,$\color{#104D5F}{\rule{7px}{7px}}$ 688 dark cyan,$\color{#104D5F}{\rule{7px}{7px}}$ 688 dark cyan,$\color{#104D5F}{\rule{7px}{7px}}$ 688 dark cyan,$\color{#104D5F}{\rule{7px}{7px}}$ 688 dark cyan,$\color{#104D5F}{\rule{7px}{7px}}$ 688 dark cyan,,,,,,
$\color{#84B8E6}{\rule{7px}{7px}}$ 689 porcelain blue,$\color{#84B8E6}{\rule{7px}{7px}}$ 689 porcelain blue,$\color{#84B8E6}{\rule{7px}{7px}}$ 689 porcelain blue,$\color{#84B8E6}{\rule{7px}{7px}}$ 689 porcelain blue,$\color{#84B8E6}{\rule{7px}{7px}}$ 689 porcelain blue,$\color{#84B8E6}{\rule{7px}{7px}}$ 689 porcelain blue,,,,,,
$\color{#85AEB0}{\rule{7px}{7px}}$ 690 green blue,$\color{#85AEB0}{\rule{7px}{7px}}$ 690 green blue,$\color{#85AEB0}{\rule{7px}{7px}}$ 690 green blue,$\color{#85AEB0}{\rule{7px}{7px}}$ 690 green blue,$\color{#85AEB0}{\rule{7px}{7px}}$ 690 green blue,,,,,,,
$\color{#ED8274}{\rule{7px}{7px}}$ 691 coral powder,$\color{#ED8274}{\rule{7px}{7px}}$ 691 coral powder,$\color{#ED8274}{\rule{7px}{7px}}$ 691 coral powder,$\color{#ED8274}{\rule{7px}{7px}}$ 691 coral powder,$\color{#ED8274}{\rule{7px}{7px}}$ 691 coral powder,,,,,,,
$\color{#F18791}{\rule{7px}{7px}}$ 692 purple light,$\color{#F18791}{\rule{7px}{7px}}$ 692 purple light,$\color{#F18791}{\rule{7px}{7px}}$ 692 purple light,,,,,,,,,
$\color{#3C5561}{\rule{7px}{7px}}$ 693 blue grey,$\color{#3C5561}{\rule{7px}{7px}}$ 693 blue grey,$\color{#3C5561}{\rule{7px}{7px}}$ 693 blue grey,$\color{#3C5561}{\rule{7px}{7px}}$ 693 blue grey,$\color{#3C5561}{\rule{7px}{7px}}$ 693 blue grey,,,,,,,
$\color{#1F757C}{\rule{7px}{7px}}$ 694 soft jade,$\color{#1F757C}{\rule{7px}{7px}}$ 694 soft jade,$\color{#1F757C}{\rule{7px}{7px}}$ 694 soft jade,$\color{#1F757C}{\rule{7px}{7px}}$ 694 soft jade,$\color{#1F757C}{\rule{7px}{7px}}$ 694 soft jade,,,,,,,
$\color{#0F9094}{\rule{7px}{7px}}$ 695 french green,$\color{#0F9094}{\rule{7px}{7px}}$ 695 french green,$\color{#0F9094}{\rule{7px}{7px}}$ 695 french green,$\color{#0F9094}{\rule{7px}{7px}}$ 695 french green,$\color{#0F9094}{\rule{7px}{7px}}$ 695 french green,,,,,,,
$\color{#94B795}{\rule{7px}{7px}}$ 696 fruit green,$\color{#94B795}{\rule{7px}{7px}}$ 696 fruit green,$\color{#94B795}{\rule{7px}{7px}}$ 696 fruit green,$\color{#94B795}{\rule{7px}{7px}}$ 696 fruit green,$\color{#94B795}{\rule{7px}{7px}}$ 696 fruit green,,,,,,,
$\color{#466B4C}{\rule{7px}{7px}}$ 697 pine green,$\color{#466B4C}{\rule{7px}{7px}}$ 697 pine green,$\color{#466B4C}{\rule{7px}{7px}}$ 697 pine green,$\color{#466B4C}{\rule{7px}{7px}}$ 697 pine green,$\color{#466B4C}{\rule{7px}{7px}}$ 697 pine green,$\color{#466B4C}{\rule{7px}{7px}}$ 697 pine green,,,,,,
$\color{#D5C5E1}{\rule{7px}{7px}}$ 698 sweat purple,$\color{#D5C5E1}{\rule{7px}{7px}}$ 698 sweat purple," $\color{#D5C5E1}{\rule{7px}{7px}}$ 698 sweat purple",,,,,,,,,
$\color{#B898C1}{\rule{7px}{7px}}$ 699 felongrass purple,$\color{#B898C1}{\rule{7px}{7px}}$ 699 felongrass purple,$\color{#B898C1}{\rule{7px}{7px}}$ 699 felongrass purple,,,,,,,,,
$\color{#CEE08F}{\rule{7px}{7px}}$ 700 cream yellow,$\color{#CEE08F}{\rule{7px}{7px}}$ 700 cream yellow,$\color{#CEE08F}{\rule{7px}{7px}}$ 700 cream yellow,$\color{#CEE08F}{\rule{7px}{7px}}$ 700 cream yellow,$\color{#CEE08F}{\rule{7px}{7px}}$ 700 cream yellow,$\color{#CEE08F}{\rule{7px}{7px}}$ 700 cream yellow,,,,,,
$\color{#FAE1C5}{\rule{7px}{7px}}$ 701 light apricot,$\color{#FAE1C5}{\rule{7px}{7px}}$ 701 light apricot,$\color{#FAE1C5}{\rule{7px}{7px}}$ 701 light apricot,$\color{#FAE1C5}{\rule{7px}{7px}}$ 701 light apricot,$\color{#FAE1C5}{\rule{7px}{7px}}$ 701 light apricot,,,,,,,
$\color{#F8BA76}{\rule{7px}{7px}}$ 702 pomelo,$\color{#F8BA76}{\rule{7px}{7px}}$ 702 pomelo,$\color{#F8BA76}{\rule{7px}{7px}}$ 702 pomelo,$\color{#F8BA76}{\rule{7px}{7px}}$ 702 pomelo,$\color{#F8BA76}{\rule{7px}{7px}}$ 702 pomelo,$\color{#F8BA76}{\rule{7px}{7px}}$ 702 pomelo,,,,,,
$\color{#FCE2D9}{\rule{7px}{7px}}$ 703 ivory orange,$\color{#FCE2D9}{\rule{7px}{7px}}$ 703 ivory orange,$\color{#FCE2D9}{\rule{7px}{7px}}$ 703 ivory orange,$\color{#FCE2D9}{\rule{7px}{7px}}$ 703 ivory orange,$\color{#FCE2D9}{\rule{7px}{7px}}$ 703 ivory orange,$\color{#FCE2D9}{\rule{7px}{7px}}$ 703 ivory orange,,,,,,
$\color{#F4B3AE}{\rule{7px}{7px}}$ 704 red lips,$\color{#F4B3AE}{\rule{7px}{7px}}$ 704 red lips,$\color{#F4B3AE}{\rule{7px}{7px}}$ 704 red lips,$\color{#F4B3AE}{\rule{7px}{7px}}$ 704 red lips,$\color{#F4B3AE}{\rule{7px}{7px}}$ 704 red lips,$\color{#F4B3AE}{\rule{7px}{7px}}$ 704 red lips,,,,,,
$\color{#893D5B}{\rule{7px}{7px}}$ 705 cornel purple,$\color{#893D5B}{\rule{7px}{7px}}$ 705 cornel purple,$\color{#893D5B}{\rule{7px}{7px}}$ 705 cornel purple,,,,,,,,,
$\color{#E9F5F1}{\rule{7px}{7px}}$ 706 white cyan,$\color{#E9F5F1}{\rule{7px}{7px}}$ 706 white cyan,$\color{#E9F5F1}{\rule{7px}{7px}}$ 706 white cyan,$\color{#E9F5F1}{\rule{7px}{7px}}$ 706 white cyan,$\color{#E9F5F1}{\rule{7px}{7px}}$ 706 white cyan,$\color{#E9F5F1}{\rule{7px}{7px}}$ 706 white cyan,,,,,,
$\color{#D2DFC6}{\rule{7px}{7px}}$ 707 magnolia,$\color{#D2DFC6}{\rule{7px}{7px}}$ 707 magnolia,$\color{#D2DFC6}{\rule{7px}{7px}}$ 707 magnolia,$\color{#D2DFC6}{\rule{7px}{7px}}$ 707 magnolia,$\color{#D2DFC6}{\rule{7px}{7px}}$ 707 magnolia,,,,,,,
$\color{#705D55}{\rule{7px}{7px}}$ 708 sooty red,$\color{#705D55}{\rule{7px}{7px}}$ 708 sooty red,$\color{#705D55}{\rule{7px}{7px}}$ 708 sooty red,,,,,,,,,
$\color{#554239}{\rule{7px}{7px}}$ 709 brown black,$\color{#554239}{\rule{7px}{7px}}$ 709 brown black,$\color{#554239}{\rule{7px}{7px}}$ 709 brown black,,,,,,,,,
$\color{#EA536F}{\rule{7px}{7px}}$ 710 changchun,$\color{#EA536F}{\rule{7px}{7px}}$ 710 changchun,$\color{#EA536F}{\rule{7px}{7px}}$ 710 changchun,,,,,,,,,
$\color{#E36A7C}{\rule{7px}{7px}}$ 711 lipstick pink,$\color{#E36A7C}{\rule{7px}{7px}}$ 711 lipstick pink,$\color{#E36A7C}{\rule{7px}{7px}}$ 711 lipstick pink,,,,,,,,,
$\color{#F29FBF}{\rule{7px}{7px}}$ 712 fluorescent rose,$\color{#F29FBF}{\rule{7px}{7px}}$ 712 fluorescent rose,$\color{#F29FBF}{\rule{7px}{7px}}$ 712 fluorescent rose,$\color{#F29FBF}{\rule{7px}{7px}}$ 712 fluorescent rose,,,,,,,,
$\color{#D95775}{\rule{7px}{7px}}$ 713 nelumbo red,$\color{#D95775}{\rule{7px}{7px}}$ 713 nelumbo red,$\color{#D95775}{\rule{7px}{7px}}$ 713 nelumbo red,,,,,,,,,
$\color{#D2375E}{\rule{7px}{7px}}$ 714 blackish red,$\color{#D2375E}{\rule{7px}{7px}}$ 714 blackish red,$\color{#D2375E}{\rule{7px}{7px}}$ 714 blackish red,,,,,,,,,
$\color{#E83345}{\rule{7px}{7px}}$ 715 scarlet,$\color{#E83345}{\rule{7px}{7px}}$ 715 scarlet,$\color{#E83345}{\rule{7px}{7px}}$ 715 bright red,,,,,,,,,
$\color{#F9C0C5}{\rule{7px}{7px}}$ 716 peach pink,$\color{#F9C0C5}{\rule{7px}{7px}}$ 716 peach pink,$\color{#F9C0C5}{\rule{7px}{7px}}$ 716 peach pink,,,,,,,,,
$\color{#E9D9BF}{\rule{7px}{7px}}$ 717 shallow camel,$\color{#E9D9BF}{\rule{7px}{7px}}$ 717 shallow camel,$\color{#E9D9BF}{\rule{7px}{7px}}$ 717 shallow camel,$\color{#E9D9BF}{\rule{7px}{7px}}$ 717 shallow camel,$\color{#E9D9BF}{\rule{7px}{7px}}$ 717 shallow camel,$\color{#E9D9BF}{\rule{7px}{7px}}$ 717 shallow camel,,,,,,
$\color{#EED098}{\rule{7px}{7px}}$ 718 tumeric,$\color{#EED098}{\rule{7px}{7px}}$ 718 tumeric,,,,,,,,,,
$\color{#FEEED6}{\rule{7px}{7px}}$ 719 cheese yellow,$\color{#FEEED6}{\rule{7px}{7px}}$ 719 cheese yellow,$\color{#FEEED6}{\rule{7px}{7px}}$ 719 cheese yellow,$\color{#FEEED6}{\rule{7px}{7px}}$ 719 cheese yellow,$\color{#FEEED6}{\rule{7px}{7px}}$ 719 cheese yellow,$\color{#FEEED6}{\rule{7px}{7px}}$ 719 cheese yellow,,,,,,
$\color{#F8CDA3}{\rule{7px}{7px}}$ 720 bean yellow,$\color{#F8CDA3}{\rule{7px}{7px}}$ 720 bean yellow,$\color{#F8CDA3}{\rule{7px}{7px}}$ 720 bean yellow,,,,,,,,,
$\color{#FDE5DD}{\rule{7px}{7px}}$ 721 water pink,$\color{#FDE5DD}{\rule{7px}{7px}}$ 721 water pink,$\color{#FDE5DD}{\rule{7px}{7px}}$ 721 water pink,,,,,,,,,
$\color{#13B1AE}{\rule{7px}{7px}}$ 722 turquoise blue,$\color{#13B1AE}{\rule{7px}{7px}}$ 722 turquoise blue,$\color{#13B1AE}{\rule{7px}{7px}}$ 722 turquoise blue,,,,,,,,,
$\color{#F9DEEA}{\rule{7px}{7px}}$ 723 sakura,$\color{#F9DEEA}{\rule{7px}{7px}}$ 723 sakura,$\color{#F9DEEA}{\rule{7px}{7px}}$ 723 sakura,$\color{#F9DEEA}{\rule{7px}{7px}}$ 723 sakura,$\color{#F9DEEA}{\rule{7px}{7px}}$ 723 sakura,$\color{#F9DEEA}{\rule{7px}{7px}}$ 723 sakura,,,,,,
$\color{#FDECD4}{\rule{7px}{7px}}$ 724 light beige,$\color{#FDECD4}{\rule{7px}{7px}}$ 724 light beige,$\color{#FDECD4}{\rule{7px}{7px}}$ 724 light beige,,,,,,,,,
$\color{#ED8012}{\rule{7px}{7px}}$ 725 fresh orange,$\color{#ED8012}{\rule{7px}{7px}}$ 725 fresh orange,$\color{#ED8012}{\rule{7px}{7px}}$ 725 fresh orange,$\color{#ED8012}{\rule{7px}{7px}}$ 725 fresh orange,$\color{#ED8012}{\rule{7px}{7px}}$ 725 fresh orange,,,,,,,
$\color{#BC2D8D}{\rule{7px}{7px}}$ 726 imperial purple,$\color{#BC2D8D}{\rule{7px}{7px}}$ 726 imperial purple,$\color{#BC2D8D}{\rule{7px}{7px}}$ 726 imperial purple,,,,,,,,,
$\color{#8DC557}{\rule{7px}{7px}}$ 727 willow green,$\color{#8DC557}{\rule{7px}{7px}}$ 727 willow green,$\color{#8DC557}{\rule{7px}{7px}}$ 727 willow green,$\color{#8DC557}{\rule{7px}{7px}}$ 727 willow green,$\color{#8DC557}{\rule{7px}{7px}}$ 727 willow green,,,,,,,
$\color{#079857}{\rule{7px}{7px}}$ 728 viridity,$\color{#079857}{\rule{7px}{7px}}$ 728 viridity,$\color{#079857}{\rule{7px}{7px}}$ 728 viridity,$\color{#079857}{\rule{7px}{7px}}$ 728 viridity,$\color{#079857}{\rule{7px}{7px}}$ 728 viridity,,,,,,,
$\color{#D5DC88}{\rule{7px}{7px}}$ 729 grey yellow,$\color{#D5DC88}{\rule{7px}{7px}}$ 729 grey yellow,$\color{#D5DC88}{\rule{7px}{7px}}$ 729 grey yellow,$\color{#D5DC88}{\rule{7px}{7px}}$ 729 grey yellow,$\color{#D5DC88}{\rule{7px}{7px}}$ 729 grey yellow,$\color{#D5DC88}{\rule{7px}{7px}}$ 729 grey yellow,,,,,,
$\color{#E2F0D3}{\rule{7px}{7px}}$ 730 jade white,$\color{#E2F0D3}{\rule{7px}{7px}}$ 730 jade white,$\color{#E2F0D3}{\rule{7px}{7px}}$ 730 jade white,$\color{#E2F0D3}{\rule{7px}{7px}}$ 730 jade white,$\color{#E2F0D3}{\rule{7px}{7px}}$ 730 jade white,$\color{#E2F0D3}{\rule{7px}{7px}}$ 730 jade white,,,,,,
$\color{#BFAC8C}{\rule{7px}{7px}}$ 731 sand dust,$\color{#BFAC8C}{\rule{7px}{7px}}$ 731 sand dust,$\color{#BFAC8C}{\rule{7px}{7px}}$ 731 sand dust,$\color{#BFAC8C}{\rule{7px}{7px}}$ 731 sand dust,$\color{#BFAC8C}{\rule{7px}{7px}}$ 731 sand dust,,,,,,,
$\color{#FEF7A5}{\rule{7px}{7px}}$ 732 velvet yellow,$\color{#FEF7A5}{\rule{7px}{7px}}$ 732 velvet yellow,$\color{#FEF7A5}{\rule{7px}{7px}}$ 732 velvet yellow,$\color{#FEF7A5}{\rule{7px}{7px}}$ 732 velvet yellow,$\color{#FEF7A5}{\rule{7px}{7px}}$ 732 velvet yellow,$\color{#FEF7A5}{\rule{7px}{7px}}$ 732 velvet yellow,,,,,,
$\color{#FDF193}{\rule{7px}{7px}}$ 733 light yellow,$\color{#FDF193}{\rule{7px}{7px}}$ 733 light yellow,$\color{#FDF193}{\rule{7px}{7px}}$ 733 light yellow,$\color{#FDF193}{\rule{7px}{7px}}$ 733 light yellow,$\color{#FDF193}{\rule{7px}{7px}}$ 733 light yellow,,,,,,,
$\color{#D6BAD8}{\rule{7px}{7px}}$ 734 pink purple,$\color{#D6BAD8}{\rule{7px}{7px}}$ 734 pink purple,$\color{#D6BAD8}{\rule{7px}{7px}}$ 734 pink purple,$\color{#D6BAD8}{\rule{7px}{7px}}$ 734 pink purple,$\color{#D6BAD8}{\rule{7px}{7px}}$ 734 pink purple,$\color{#D6BAD8}{\rule{7px}{7px}}$ 734 pink purple,,,,,,
$\color{#ADD374}{\rule{7px}{7px}}$ 735 pea green,$\color{#ADD374}{\rule{7px}{7px}}$ 735 pea green,$\color{#ADD374}{\rule{7px}{7px}}$ 735 pea green,$\color{#ADD374}{\rule{7px}{7px}}$ 735 pea green,$\color{#ADD374}{\rule{7px}{7px}}$ 735 pea green,,,,,,,
"$\color{#DEEAF6}{\rule{7px}{7px}}$ 736 pale white ","$\color{#DEEAF6}{\rule{7px}{7px}}$ 736 pale white ","$\color{#DEEAF6}{\rule{7px}{7px}}$ 736 pale white ","$\color{#DEEAF6}{\rule{7px}{7px}}$ 736 pale white ","$\color{#DEEAF6}{\rule{7px}{7px}}$ 736 pale white ","$\color{#DEEAF6}{\rule{7px}{7px}}$ 736 pale white ",,,,,,
$\color{#C7E3CE}{\rule{7px}{7px}}$ 737 bluish green,$\color{#C7E3CE}{\rule{7px}{7px}}$ 737 bluish green,$\color{#C7E3CE}{\rule{7px}{7px}}$ 737 bluish green,$\color{#C7E3CE}{\rule{7px}{7px}}$ 737 bluish green,$\color{#C7E3CE}{\rule{7px}{7px}}$ 737 bluish green,$\color{#C7E3CE}{\rule{7px}{7px}}$ 737 bluish green,,,,,,
$\color{#EBE3DC}{\rule{7px}{7px}}$ 738 onyx,$\color{#EBE3DC}{\rule{7px}{7px}}$ 738 onyx,$\color{#EBE3DC}{\rule{7px}{7px}}$ 738 onyx,$\color{#EBE3DC}{\rule{7px}{7px}}$ 738 onyx,$\color{#EBE3DC}{\rule{7px}{7px}}$ 738 onyx,,,,,,,
$\color{#B0667B}{\rule{7px}{7px}}$ 739 ormosia,$\color{#B0667B}{\rule{7px}{7px}}$ 739 ormosia,$\color{#B0667B}{\rule{7px}{7px}}$ 739 ormosia,$\color{#B0667B}{\rule{7px}{7px}}$ 739 ormosia,$\color{#B0667B}{\rule{7px}{7px}}$ 739 ormosia,,,,,,,
$\color{#21A552}{\rule{7px}{7px}}$ 740 verdant,$\color{#21A552}{\rule{7px}{7px}}$ 740 verdant,$\color{#21A552}{\rule{7px}{7px}}$ 740 verdant,$\color{#21A552}{\rule{7px}{7px}}$ 740 verdant,$\color{#21A552}{\rule{7px}{7px}}$ 740 verdant,$\color{#21A552}{\rule{7px}{7px}}$ 740 verdant,,,,,,
$\color{#82AB4B}{\rule{7px}{7px}}$ 741 dull green,$\color{#82AB4B}{\rule{7px}{7px}}$ 741 dull green,$\color{#82AB4B}{\rule{7px}{7px}}$ 741 dull green,$\color{#82AB4B}{\rule{7px}{7px}}$ 741 dull green,$\color{#82AB4B}{\rule{7px}{7px}}$ 741 dull green,,,,,,,
$\color{#686FB1}{\rule{7px}{7px}}$ 742 flower purple,$\color{#686FB1}{\rule{7px}{7px}}$ 742 flower purple,$\color{#686FB1}{\rule{7px}{7px}}$ 742 flower purple,$\color{#686FB1}{\rule{7px}{7px}}$ 742 flower purple,$\color{#686FB1}{\rule{7px}{7px}}$ 742 flower purple,,,,,,,
$\color{#72549E}{\rule{7px}{7px}}$ 743 aubergine,$\color{#72549E}{\rule{7px}{7px}}$ 743 aubergine,$\color{#72549E}{\rule{7px}{7px}}$ 743 aubergine,$\color{#72549E}{\rule{7px}{7px}}$ 743 aubergine,$\color{#72549E}{\rule{7px}{7px}}$ 743 aubergine,,,,,,,
$\color{#DBCEE9}{\rule{7px}{7px}}$ 744 lavender,$\color{#DBCEE9}{\rule{7px}{7px}}$ 744 lavender,$\color{#DBCEE9}{\rule{7px}{7px}}$ 744 lavender,$\color{#DBCEE9}{\rule{7px}{7px}}$ 744 lavender,$\color{#DBCEE9}{\rule{7px}{7px}}$ 744 lavender,$\color{#DBCEE9}{\rule{7px}{7px}}$ 744 lavender,,,,,,
$\color{#8DB6E1}{\rule{7px}{7px}}$ 745 light rattan,$\color{#8DB6E1}{\rule{7px}{7px}}$ 745 light rattan,$\color{#8DB6E1}{\rule{7px}{7px}}$ 745 light rattan,$\color{#8DB6E1}{\rule{7px}{7px}}$ 745 light rattan,$\color{#8DB6E1}{\rule{7px}{7px}}$ 745 light rattan,$\color{#8DB6E1}{\rule{7px}{7px}}$ 745 light rattan,,,,,,
$\color{#284876}{\rule{7px}{7px}}$ 746 fotou blue,$\color{#284876}{\rule{7px}{7px}}$ 746 fotou blue,$\color{#284876}{\rule{7px}{7px}}$ 746 fotou blue,,,,,,,,,
$\color{#436583}{\rule{7px}{7px}}$ 747 quetou blue,$\color{#436583}{\rule{7px}{7px}}$ 747 quetou blue,$\color{#436583}{\rule{7px}{7px}}$ 747 quetou blue,,,,,,,,,
$\color{#477F9E}{\rule{7px}{7px}}$ 748 tianqing blue,$\color{#477F9E}{\rule{7px}{7px}}$ 748 tianqing blue,$\color{#477F9E}{\rule{7px}{7px}}$ 748 tianqing blue,,,,,,,,,
$\color{#4280AB}{\rule{7px}{7px}}$ 749 qingming blue,$\color{#4280AB}{\rule{7px}{7px}}$ 749 qingming blue,$\color{#4280AB}{\rule{7px}{7px}}$ 749 qingming blue,,,,,,,,,
$\color{#436583}{\rule{7px}{7px}}$ 750 kongqing blue,$\color{#436583}{\rule{7px}{7px}}$ 750 kongqing blue,$\color{#436583}{\rule{7px}{7px}}$ 750 kongqing blue,,,,,,,,,
$\color{#E7E2D6}{\rule{7px}{7px}}$ 751 chalky white,$\color{#E7E2D6}{\rule{7px}{7px}}$ 751 chalky white,$\color{#E7E2D6}{\rule{7px}{7px}}$ 751 chalky white,,,,,,,,,
$\color{#DBCCD4}{\rule{7px}{7px}}$ 752 lotus root gray,$\color{#DBCCD4}{\rule{7px}{7px}}$ 752 lotus root gray,$\color{#DBCCD4}{\rule{7px}{7px}}$ 752 lotus root gray,,,,,,,,,
$\color{#D6C7B3}{\rule{7px}{7px}}$ 753 jade color,$\color{#D6C7B3}{\rule{7px}{7px}}$ 753 jade color,$\color{#D6C7B3}{\rule{7px}{7px}}$ 753 jade color,,,,,,,,,
$\color{#DBBCB9}{\rule{7px}{7px}}$ 754 pinkish red,$\color{#DBBCB9}{\rule{7px}{7px}}$ 754 pinkish red,$\color{#DBBCB9}{\rule{7px}{7px}}$ 754 pinkish red,,,,,,,,,
$\color{#D1A398}{\rule{7px}{7px}}$ 755 xianchi red,$\color{#D1A398}{\rule{7px}{7px}}$ 755 xianchi red,$\color{#D1A398}{\rule{7px}{7px}}$ 755 xianchi red,,,,,,,,,
$\color{#C18378}{\rule{7px}{7px}}$ 756 light red,$\color{#C18378}{\rule{7px}{7px}}$ 756 light red,$\color{#C18378}{\rule{7px}{7px}}$ 756 light red,,,,,,,,,
$\color{#B48C5E}{\rule{7px}{7px}}$ 757 chestnut brown,$\color{#B48C5E}{\rule{7px}{7px}}$ 757 chestnut brown,$\color{#B48C5E}{\rule{7px}{7px}}$ 757 chestnut brown,,,,,,,,,
$\color{#9F856E}{\rule{7px}{7px}}$ 758 agilawood,$\color{#9F856E}{\rule{7px}{7px}}$ 758 agilawood,$\color{#9F856E}{\rule{7px}{7px}}$ 758 agilawood,,,,,,,,,
$\color{#817367}{\rule{7px}{7px}}$ 759 sandstone yellow,$\color{#817367}{\rule{7px}{7px}}$ 759 sandstone yellow,$\color{#817367}{\rule{7px}{7px}}$ 759 sandstone yellow,,,,,,,,,
$\color{#DE0616}{\rule{7px}{7px}}$ 760 tomato red,$\color{#DE0616}{\rule{7px}{7px}}$ 760 tomato red,$\color{#DE0616}{\rule{7px}{7px}}$ 760 tomato red,,,,,,,,,
$\color{#ED7786}{\rule{7px}{7px}}$ 761 lychee pink,$\color{#ED7786}{\rule{7px}{7px}}$ 761 lychee pink,$\color{#ED7786}{\rule{7px}{7px}}$ 761 lychee pink,,,,,,,,,
$\color{#EF8DB5}{\rule{7px}{7px}}$ 762 vibrant pink,$\color{#EF8DB5}{\rule{7px}{7px}}$ 762 vibrant pink,$\color{#EF8DB5}{\rule{7px}{7px}}$ 762 vibrant pink,,,,,,,,,
$\color{#282D52}{\rule{7px}{7px}}$ 763 ink blue black,$\color{#282D52}{\rule{7px}{7px}}$ 763 ink blue black,$\color{#282D52}{\rule{7px}{7px}}$ 763 ink blue black,,,,,,,,,
$\color{#454175}{\rule{7px}{7px}}$ 764 smoke purple black,$\color{#454175}{\rule{7px}{7px}}$ 764 smoke purple black,$\color{#454175}{\rule{7px}{7px}}$ 764 smoke purple black,,,,,,,,,
$\color{#FEF225}{\rule{7px}{7px}}$ 765 happy yellow,$\color{#FEF225}{\rule{7px}{7px}}$ 765 happy yellow,$\color{#FEF225}{\rule{7px}{7px}}$ 765 happy yellow,,,,,,,,,
$\color{#FDF9B2}{\rule{7px}{7px}}$ 766 jasmine yellow,$\color{#FDF9B2}{\rule{7px}{7px}}$ 766 jasmine yellow,$\color{#FDF9B2}{\rule{7px}{7px}}$ 766 jasmine yellow,,,,,,,,,
$\color{#4A8EA0}{\rule{7px}{7px}}$ 767 cloud blue,$\color{#4A8EA0}{\rule{7px}{7px}}$ 767 cloud blue,$\color{#4A8EA0}{\rule{7px}{7px}}$ 767 cloud blue,$\color{#4A8EA0}{\rule{7px}{7px}}$ 767 cloud blue,,,,,,,,
$\color{#88B4BE}{\rule{7px}{7px}}$ 768 mountain blue,$\color{#88B4BE}{\rule{7px}{7px}}$ 768 mountain blue,$\color{#88B4BE}{\rule{7px}{7px}}$ 768 mountain blue,$\color{#88B4BE}{\rule{7px}{7px}}$ 768 mountain blue,,,,,,,,
$\color{#B18C91}{\rule{7px}{7px}}$ 769 volcanicbrown,$\color{#B18C91}{\rule{7px}{7px}}$ 769 volcanic brown,$\color{#B18C91}{\rule{7px}{7px}}$ 769 volcanic brown,$\color{#B18C91}{\rule{7px}{7px}}$ 769 volcanic brown,,,,,,,,
$\color{#B18C91}{\rule{7px}{7px}}$ 770 grayish purple,$\color{#B18C91}{\rule{7px}{7px}}$ 770 grayish purple,$\color{#B18C91}{\rule{7px}{7px}}$ 770 grayish purple,$\color{#B18C91}{\rule{7px}{7px}}$ 770 grayish purple,,,,,,,,
$\color{#D9C2C7}{\rule{7px}{7px}}$ 771 milk coffee,$\color{#D9C2C7}{\rule{7px}{7px}}$ 771 milk coffee,$\color{#D9C2C7}{\rule{7px}{7px}}$ 771 milk coffee,$\color{#D9C2C7}{\rule{7px}{7px}}$ 771 milk coffee,,,,,,,,
$\color{#D2839B}{\rule{7px}{7px}}$ 772 camelia,$\color{#D2839B}{\rule{7px}{7px}}$ 772 camelia,$\color{#D2839B}{\rule{7px}{7px}}$ 772 camelia,$\color{#D2839B}{\rule{7px}{7px}}$ 772 camelia,,,,,,,,
$\color{#A19ABA}{\rule{7px}{7px}}$ 773 vintage purple,$\color{#A19ABA}{\rule{7px}{7px}}$ 773 vintage purple,$\color{#A19ABA}{\rule{7px}{7px}}$ 773 vintage purple,$\color{#A19ABA}{\rule{7px}{7px}}$ 773 vintage purple,,,,,,,,
$\color{#27637C}{\rule{7px}{7px}}$ 774 navy blue,$\color{#27637C}{\rule{7px}{7px}}$ 774 navy blue,$\color{#27637C}{\rule{7px}{7px}}$ 774 navy blue,$\color{#27637C}{\rule{7px}{7px}}$ 774 navy blue,,,,,,,,
$\color{#BBD0B2}{\rule{7px}{7px}}$ 775 spray green,$\color{#BBD0B2}{\rule{7px}{7px}}$ 775 spray green,$\color{#BBD0B2}{\rule{7px}{7px}}$ 775 spray green,$\color{#BBD0B2}{\rule{7px}{7px}}$ 775 spray green,,,,,,,,
$\color{#523742}{\rule{7px}{7px}}$ 776 brownish black,$\color{#523742}{\rule{7px}{7px}}$ 776 brownish black,$\color{#523742}{\rule{7px}{7px}}$ 776 brownish black,$\color{#523742}{\rule{7px}{7px}}$ 776 brownish black,,,,,,,,
$\color{#FFF257}{\rule{7px}{7px}}$ 777 pure yellow,$\color{#FFF257}{\rule{7px}{7px}}$ 777 pure yellow,$\color{#FFF257}{\rule{7px}{7px}}$ 777 pure yellow,$\color{#FFF257}{\rule{7px}{7px}}$ 777 pure yellow,,,,,,,,
$\color{#7A2A73}{\rule{7px}{7px}}$ 778 gentian violet,$\color{#7A2A73}{\rule{7px}{7px}}$ 778 gentian violet,$\color{#7A2A73}{\rule{7px}{7px}}$ 778 gentian violet,$\color{#7A2A73}{\rule{7px}{7px}}$ 778 gentian violet,,,,,,,,
$\color{#6C4555}{\rule{7px}{7px}}$ 779 black coffee,$\color{#6C4555}{\rule{7px}{7px}}$ 779 black coffee,$\color{#6C4555}{\rule{7px}{7px}}$ 779 black coffee,$\color{#6C4555}{\rule{7px}{7px}}$ 779 black coffee,,,,,,,,
$\color{#95373C}{\rule{7px}{7px}}$ 780 brownish red,$\color{#95373C}{\rule{7px}{7px}}$ 780 brownish red,$\color{#95373C}{\rule{7px}{7px}}$ 780 brownish red,$\color{#95373C}{\rule{7px}{7px}}$ 780 brownish red,,,,,,,,
$\color{#B41C24}{\rule{7px}{7px}}$ 781 deep red,$\color{#B41C24}{\rule{7px}{7px}}$ 781 deep red,$\color{#B41C24}{\rule{7px}{7px}}$ 781 deep red,$\color{#B41C24}{\rule{7px}{7px}}$ 781 deep red,,,,,,,,
$\color{#E95548}{\rule{7px}{7px}}$ 782 vivid red,$\color{#E95548}{\rule{7px}{7px}}$ 782 vivid red,$\color{#E95548}{\rule{7px}{7px}}$ 782 vivid red,$\color{#E95548}{\rule{7px}{7px}}$ 782 vivid red,,,,,,,,
$\color{#F06F4F}{\rule{7px}{7px}}$ 783 orange red,$\color{#F06F4F}{\rule{7px}{7px}}$ 783 orange red,$\color{#F06F4F}{\rule{7px}{7px}}$ 783 orange red,$\color{#F06F4F}{\rule{7px}{7px}}$ 783 orange red,,,,,,,,
$\color{#BB4A47}{\rule{7px}{7px}}$ 784 dull red,$\color{#BB4A47}{\rule{7px}{7px}}$ 784 dull red,$\color{#BB4A47}{\rule{7px}{7px}}$ 784 dull red,$\color{#BB4A47}{\rule{7px}{7px}}$ 784 dull red,,,,,,,,
$\color{#CF5F1E}{\rule{7px}{7px}}$ 785 vermilion,$\color{#CF5F1E}{\rule{7px}{7px}}$ 785 vermilion,$\color{#CF5F1E}{\rule{7px}{7px}}$ 785 vermilion,$\color{#CF5F1E}{\rule{7px}{7px}}$ 785 vermilion,,,,,,,,
$\color{#F49E12}{\rule{7px}{7px}}$ 786 yellow orange,$\color{#F49E12}{\rule{7px}{7px}}$ 786 yellow orange,$\color{#F49E12}{\rule{7px}{7px}}$ 786 yellow orange,$\color{#F49E12}{\rule{7px}{7px}}$ 786 yellow orange,,,,,,,,
$\color{#A6C443}{\rule{7px}{7px}}$ 787straw yellow,$\color{#A6C443}{\rule{7px}{7px}}$ 787straw yellow,$\color{#A6C443}{\rule{7px}{7px}}$ 787straw yellow,$\color{#A6C443}{\rule{7px}{7px}}$ 787straw yellow,,,,,,,,
$\color{#A2A864}{\rule{7px}{7px}}$ 788 native yellow,$\color{#A2A864}{\rule{7px}{7px}}$ 788 native yellow,$\color{#A2A864}{\rule{7px}{7px}}$ 788 native yellow,$\color{#A2A864}{\rule{7px}{7px}}$ 788 native yellow,,,,,,,,
$\color{#5B583E}{\rule{7px}{7px}}$ 789 brownish green,$\color{#5B583E}{\rule{7px}{7px}}$ 789 brownish green,$\color{#5B583E}{\rule{7px}{7px}}$ 789 brownish green,$\color{#5B583E}{\rule{7px}{7px}}$ 789 brownish green,,,,,,,,
$\color{#737847}{\rule{7px}{7px}}$ 790 olive green,$\color{#737847}{\rule{7px}{7px}}$ 790 olive green,$\color{#737847}{\rule{7px}{7px}}$ 790 olive green,$\color{#737847}{\rule{7px}{7px}}$ 790 olive green,,,,,,,,
$\color{#285135}{\rule{7px}{7px}}$ 791 black green,$\color{#285135}{\rule{7px}{7px}}$ 791 black green,$\color{#285135}{\rule{7px}{7px}}$ 791 black green,$\color{#285135}{\rule{7px}{7px}}$ 791 black green,,,,,,,,
$\color{#487F6A}{\rule{7px}{7px}}$ 792 old green,$\color{#487F6A}{\rule{7px}{7px}}$ 792 old green,$\color{#487F6A}{\rule{7px}{7px}}$ 792 old green,$\color{#487F6A}{\rule{7px}{7px}}$ 792 old green,,,,,,,,
$\color{#87924D}{\rule{7px}{7px}}$ 793 moss green,$\color{#87924D}{\rule{7px}{7px}}$ 793 moss green,$\color{#87924D}{\rule{7px}{7px}}$ 793 moss green,$\color{#87924D}{\rule{7px}{7px}}$ 793 moss green,,,,,,,,
$\color{#048842}{\rule{7px}{7px}}$ 794 turquoise green,$\color{#048842}{\rule{7px}{7px}}$ 794 turquoise green,$\color{#048842}{\rule{7px}{7px}}$ 794 turquoise green,$\color{#048842}{\rule{7px}{7px}}$ 794 turquoise green,,,,,,,,
$\color{#025B3B}{\rule{7px}{7px}}$ 795 dark green,$\color{#025B3B}{\rule{7px}{7px}}$ 795 dark green,$\color{#025B3B}{\rule{7px}{7px}}$ 795 dark green,$\color{#025B3B}{\rule{7px}{7px}}$ 795 dark green,,,,,,,,
$\color{#006E40}{\rule{7px}{7px}}$ 796 aquamarine,$\color{#006E40}{\rule{7px}{7px}}$ 796 aquamarine,$\color{#006E40}{\rule{7px}{7px}}$ 796 aquamarine,$\color{#006E40}{\rule{7px}{7px}}$ 796 aquamarine,,,,,,,,
$\color{#047C62}{\rule{7px}{7px}}$ 797 dark cyan,$\color{#047C62}{\rule{7px}{7px}}$ 797 dark cyan,$\color{#047C62}{\rule{7px}{7px}}$ 797 dark cyan,$\color{#047C62}{\rule{7px}{7px}}$ 797 dark cyan,,,,,,,,
$\color{#0276AD}{\rule{7px}{7px}}$ 798 dark teal,$\color{#0276AD}{\rule{7px}{7px}}$ 798 dark teal,$\color{#0276AD}{\rule{7px}{7px}}$ 798 dark teal,$\color{#0276AD}{\rule{7px}{7px}}$ 798 dark teal,,,,,,,,
$\color{#019A99}{\rule{7px}{7px}}$ 799 peacock green,$\color{#019A99}{\rule{7px}{7px}}$ 799 peacock green,$\color{#019A99}{\rule{7px}{7px}}$ 799 peacock green,$\color{#019A99}{\rule{7px}{7px}}$ 799 peacock green,,,,,,,,
$\color{#018375}{\rule{7px}{7px}}$ 800 deepsea green,$\color{#018375}{\rule{7px}{7px}}$ 800 deepsea green,$\color{#018375}{\rule{7px}{7px}}$ 800 deepsea green,$\color{#018375}{\rule{7px}{7px}}$ 800 deepsea green,,,,,,,,
$\color{#F1F1F3}{\rule{7px}{7px}}$ 801 feather white,$\color{#F1F1F3}{\rule{7px}{7px}}$ 801 feather white,$\color{#F1F1F3}{\rule{7px}{7px}}$ 801 feather white,,,,,,,,,
$\color{#FBBF5F}{\rule{7px}{7px}}$ 802 mango yellow,$\color{#FBBF5F}{\rule{7px}{7px}}$ 802 mango yellow,$\color{#FBBF5F}{\rule{7px}{7px}}$ 802 mango yellow,$\color{#FBBF5F}{\rule{7px}{7px}}$ 802 mango yellow,$\color{#FBBF5F}{\rule{7px}{7px}}$ 802 mango yellow,$\color{#FBBF5F}{\rule{7px}{7px}}$ 802 mango yellow,,,,,,
$\color{#E6EAEB}{\rule{7px}{7px}}$ 803 light cloud white,$\color{#E6EAEB}{\rule{7px}{7px}}$ 803 light cloud white,$\color{#E6EAEB}{\rule{7px}{7px}}$ 803 light cloud white,,,,,,,,,
$\color{#D8DDDB}{\rule{7px}{7px}}$ 804 pewter,$\color{#D8DDDB}{\rule{7px}{7px}}$ 804 pewter,$\color{#D8DDDB}{\rule{7px}{7px}}$ 804 pewter,,,,,,,,,
$\color{#9EA39D}{\rule{7px}{7px}}$ 805 coal gray,$\color{#9EA39D}{\rule{7px}{7px}}$ 805 coal gray,$\color{#9EA39D}{\rule{7px}{7px}}$ 805 coal gray,,,,,,,,,
$\color{#364761}{\rule{7px}{7px}}$ 806 faded red,$\color{#364761}{\rule{7px}{7px}}$ 806 faded red,$\color{#364761}{\rule{7px}{7px}}$ 806 faded red,,,,,,,,,
$\color{#30333D}{\rule{7px}{7px}}$ 807 cool black,$\color{#30333D}{\rule{7px}{7px}}$ 807 cool black,$\color{#30333D}{\rule{7px}{7px}}$ 807 cool black,,,,,,,,,
$\color{#5F3F5C}{\rule{7px}{7px}}$ 808 grayish purple,$\color{#5F3F5C}{\rule{7px}{7px}}$ 808 grayish purple,$\color{#5F3F5C}{\rule{7px}{7px}}$ 808 grayish purple,,,,,,,,,
$\color{#D6E8CB}{\rule{7px}{7px}}$ 809 hazy green,$\color{#D6E8CB}{\rule{7px}{7px}}$ 809 hazy green,$\color{#D6E8CB}{\rule{7px}{7px}}$ 809 hazy green,$\color{#D6E8CB}{\rule{7px}{7px}}$ 809 hazy green,,,,,,,,
$\color{#DAC674}{\rule{7px}{7px}}$ 810 light grass yellow,$\color{#DAC674}{\rule{7px}{7px}}$ 810 light grass yellow,$\color{#DAC674}{\rule{7px}{7px}}$ 810 light grass yellow,,,,,,,,,
$\color{#C7B66A}{\rule{7px}{7px}}$ 811 straw color,$\color{#C7B66A}{\rule{7px}{7px}}$ 811 straw color,$\color{#C7B66A}{\rule{7px}{7px}}$ 811 straw color,,,,,,,,,
$\color{#AC9A55}{\rule{7px}{7px}}$ 812 khaki green,$\color{#AC9A55}{\rule{7px}{7px}}$ 812 khaki green,$\color{#AC9A55}{\rule{7px}{7px}}$ 812 khaki green,,,,,,,,,
$\color{#CEAC54}{\rule{7px}{7px}}$ 813 grass yellow,$\color{#CEAC54}{\rule{7px}{7px}}$ 813 grass yellow,$\color{#CEAC54}{\rule{7px}{7px}}$ 813 grass yellow,,,,,,,,,
$\color{#D4A762}{\rule{7px}{7px}}$ 814 sandalwood yellow,$\color{#D4A762}{\rule{7px}{7px}}$ 814 sandalwood yellow,$\color{#D4A762}{\rule{7px}{7px}}$ 814 sandalwood yellow,,,,,,,,,
$\color{#E7B63E}{\rule{7px}{7px}}$ 815 canghuanh,$\color{#E7B63E}{\rule{7px}{7px}}$ 815 canghuanh,$\color{#E7B63E}{\rule{7px}{7px}}$ 815 canghuanh,,,,,,,,,
$\color{#A08125}{\rule{7px}{7px}}$ 816 dark chartreuse,$\color{#A08125}{\rule{7px}{7px}}$ 816 dark chartreuse,$\color{#A08125}{\rule{7px}{7px}}$ 816 dark chartreuse,,,,,,,,,
$\color{#C9910E}{\rule{7px}{7px}}$ 817 juyi yellow,$\color{#C9910E}{\rule{7px}{7px}}$ 817 juyi yellow,$\color{#C9910E}{\rule{7px}{7px}}$ 817 juyi yellow,,,,,,,,,
$\color{#B7E1E7}{\rule{7px}{7px}}$ 818 water blue,$\color{#B7E1E7}{\rule{7px}{7px}}$ 818 water blue,$\color{#B7E1E7}{\rule{7px}{7px}}$ 818 water blue,$\color{#B7E1E7}{\rule{7px}{7px}}$ 818 water blue,,,,,,,,
$\color{#78CADC}{\rule{7px}{7px}}$ 819 crystal blue,$\color{#78CADC}{\rule{7px}{7px}}$ 819 crystal blue,$\color{#78CADC}{\rule{7px}{7px}}$ 819 crystal blue,$\color{#78CADC}{\rule{7px}{7px}}$ 819 crystal blue,$\color{#78CADC}{\rule{7px}{7px}}$ 819 crystal blue,$\color{#78CADC}{\rule{7px}{7px}}$ 819 crystal blue,,,,,,
$\color{#3CBCE0}{\rule{7px}{7px}}$ 820 peacock blue,$\color{#3CBCE0}{\rule{7px}{7px}}$ 820 peacock blue,$\color{#3CBCE0}{\rule{7px}{7px}}$ 820 peacock blue,$\color{#3CBCE0}{\rule{7px}{7px}}$ 820 peacock blue,$\color{#3CBCE0}{\rule{7px}{7px}}$ 820 peacock blue,$\color{#3CBCE0}{\rule{7px}{7px}}$ 820 peacock blue,,,,,,
$\color{#C6E7FC}{\rule{7px}{7px}}$ 821 ice blue,$\color{#C6E7FC}{\rule{7px}{7px}}$ 821 ice blue,$\color{#C6E7FC}{\rule{7px}{7px}}$ 821 ice blue,$\color{#C6E7FC}{\rule{7px}{7px}}$ 821 ice blue,,,,,,,,
$\color{#7FCFF4}{\rule{7px}{7px}}$ 822 light blue,$\color{#7FCFF4}{\rule{7px}{7px}}$ 822 light blue,$\color{#7FCFF4}{\rule{7px}{7px}}$ 822 light blue,$\color{#7FCFF4}{\rule{7px}{7px}}$ 822 light blue,$\color{#7FCFF4}{\rule{7px}{7px}}$ 822 light blue,$\color{#7FCFF4}{\rule{7px}{7px}}$ 822 light blue,,,,,,
$\color{#44A1D1}{\rule{7px}{7px}}$ 823 lake blue,$\color{#44A1D1}{\rule{7px}{7px}}$ 823 lake blue,$\color{#44A1D1}{\rule{7px}{7px}}$ 823 lake blue,$\color{#44A1D1}{\rule{7px}{7px}}$ 823 lake blue,$\color{#44A1D1}{\rule{7px}{7px}}$ 823 lake blue,,,,,,,
$\color{#00498E}{\rule{7px}{7px}}$ 824 midnight blue,$\color{#00498E}{\rule{7px}{7px}}$ 824 midnight blue,$\color{#00498E}{\rule{7px}{7px}}$ 824 midnight blue,$\color{#00498E}{\rule{7px}{7px}}$ 824 midnight blue,$\color{#00498E}{\rule{7px}{7px}}$ 824 midnight blue,$\color{#00498E}{\rule{7px}{7px}}$ 824 midnight blue,,,,,,
$\color{#DCD3E1}{\rule{7px}{7px}}$ 825 purple smoke color,$\color{#DCD3E1}{\rule{7px}{7px}}$ 825 purple smoke color,$\color{#DCD3E1}{\rule{7px}{7px}}$ 825 purple smoke color,,,,,,,,,
$\color{#B7B0D0}{\rule{7px}{7px}}$ 826 purple lotus,$\color{#B7B0D0}{\rule{7px}{7px}}$ 826 purple lotus,$\color{#B7B0D0}{\rule{7px}{7px}}$ 826 purple lotus,,,,,,,,,
$\color{#7F84A9}{\rule{7px}{7px}}$ 827 grayish purple,$\color{#7F84A9}{\rule{7px}{7px}}$ 827 grayish purple,$\color{#7F84A9}{\rule{7px}{7px}}$ 827 grayish purple,,,,,,,,,
$\color{#6A6FB6}{\rule{7px}{7px}}$ 828 aster purple,$\color{#6A6FB6}{\rule{7px}{7px}}$ 828 aster purple,$\color{#6A6FB6}{\rule{7px}{7px}}$ 828 aster purple,,,,,,,,,
$\color{#D4C5CF}{\rule{7px}{7px}}$ 829 sand purple,$\color{#D4C5CF}{\rule{7px}{7px}}$ 829 sand purple,,,,,,,,,,
$\color{#B0C4E4}{\rule{7px}{7px}}$ 830 smoke purple,$\color{#B0C4E4}{\rule{7px}{7px}}$ 830 smoke purple,,,,,,,,,,
$\color{#A082A0}{\rule{7px}{7px}}$ 831 dusk purple,$\color{#A082A0}{\rule{7px}{7px}}$ 831 dusk purple,,,,,,,,,,
$\color{#944999}{\rule{7px}{7px}}$ 832 amethyst,$\color{#944999}{\rule{7px}{7px}}$ 832 amethyst,$\color{#944999}{\rule{7px}{7px}}$ 832 amethyst,$\color{#944999}{\rule{7px}{7px}}$ 832 amethyst,$\color{#944999}{\rule{7px}{7px}}$ 832 amethyst,,,,,,,
$\color{#AA73B1}{\rule{7px}{7px}}$ 833 rose purple,$\color{#AA73B1}{\rule{7px}{7px}}$ 833 rose purple,$\color{#AA73B1}{\rule{7px}{7px}}$ 833 rose purple,$\color{#AA73B1}{\rule{7px}{7px}}$ 833 rose purple,,,,,,,,
$\color{#F4CBCB}{\rule{7px}{7px}}$ 834 peach powder,$\color{#F4CBCB}{\rule{7px}{7px}}$ 834 peach powder,,,,,,,,,,
$\color{#E6CED4}{\rule{7px}{7px}}$ 835 satin grey powder,$\color{#E6CED4}{\rule{7px}{7px}}$ 835 satin grey powder,,,,,,,,,,
$\color{#FDF0F7}{\rule{7px}{7px}}$ 836 soft pink,$\color{#FDF0F7}{\rule{7px}{7px}}$ 836 soft pink,$\color{#FDF0F7}{\rule{7px}{7px}}$ 836 soft pink,$\color{#FDF0F7}{\rule{7px}{7px}}$ 836 soft pink,,,,,,,,
$\color{#FDE3E5}{\rule{7px}{7px}}$ 837 rose pink,$\color{#FDE3E5}{\rule{7px}{7px}}$ 837 rose pink,$\color{#FDE3E5}{\rule{7px}{7px}}$ 837 rose pink,,,,,,,,,
$\color{#FAD6E2}{\rule{7px}{7px}}$ 838 moonlit powder,$\color{#FAD6E2}{\rule{7px}{7px}}$ 838 moonlit powder,,,,,,,,,,
$\color{#E5AFB6}{\rule{7px}{7px}}$ 839 moon white,$\color{#E5AFB6}{\rule{7px}{7px}}$ 839 moon white,,,,,,,,,,
$\color{#EDCBCB}{\rule{7px}{7px}}$ 840 ceramic powder,$\color{#EDCBCB}{\rule{7px}{7px}}$ 840 ceramic powder,,,,,,,,,,
$\color{#B5DCEA}{\rule{7px}{7px}}$ 841 hazy blue,$\color{#B5DCEA}{\rule{7px}{7px}}$ 841 hazy blue,,,,,,,,,,
$\color{#89C8D7}{\rule{7px}{7px}}$ 842 azure,$\color{#89C8D7}{\rule{7px}{7px}}$ 842 azure,,,,,,,,,,
$\color{#B2D0CF}{\rule{7px}{7px}}$ 843 smoke cyan,$\color{#B2D0CF}{\rule{7px}{7px}}$ 843 smoke cyan,,,,,,,,,,
$\color{#9AB3B3}{\rule{7px}{7px}}$ 844 cold frost cyan,$\color{#9AB3B3}{\rule{7px}{7px}}$ 844 cold frost cyan,,,,,,,,,,
$\color{#38AE3F}{\rule{7px}{7px}}$ 845 bright green,$\color{#38AE3F}{\rule{7px}{7px}}$ 845 bright green,,,,,,,,,,
$\color{#75BC3E}{\rule{7px}{7px}}$ 846 wood green,$\color{#75BC3E}{\rule{7px}{7px}}$ 846 wood green,,,,,,,,,,
$\color{#DDE578}{\rule{7px}{7px}}$ 847 willow yellow,$\color{#DDE578}{\rule{7px}{7px}}$ 847 willow yellow,,,,,,,,,,
$\color{#C1DC8C}{\rule{7px}{7px}}$ 848 sprout green,$\color{#C1DC8C}{\rule{7px}{7px}}$ 848 sprout green,,,,,,,,,,
$\color{#DDD9B6}{\rule{7px}{7px}}$ 848 grey frost green,$\color{#DDD9B6}{\rule{7px}{7px}}$ 848 grey frost green,,,,,,,,,,
$\color{#9FA334}{\rule{7px}{7px}}$ 849 wasabi green,$\color{#9FA334}{\rule{7px}{7px}}$ 849 wasabi green,,,,,,,,,,
$\color{#79CBBF}{\rule{7px}{7px}}$ 850 turquoise green,$\color{#79CBBF}{\rule{7px}{7px}}$ 850 turquoise green,,,,,,,,,,
$\color{#B8CCB5}{\rule{7px}{7px}}$ 851 nordic green,$\color{#B8CCB5}{\rule{7px}{7px}}$ 851 nordic green,,,,,,,,,,
$\color{#91A84A}{\rule{7px}{7px}}$ 852 khaki green,$\color{#91A84A}{\rule{7px}{7px}}$ 852 khaki green,,,,,,,,,,
$\color{#E2DED6}{\rule{7px}{7px}}$ 853 rice grey,$\color{#E2DED6}{\rule{7px}{7px}}$ 853 rice grey,$\color{#E2DED6}{\rule{7px}{7px}}$ 853 rice grey,$\color{#E2DED6}{\rule{7px}{7px}}$ 853 rice grey,$\color{#E2DED6}{\rule{7px}{7px}}$ 853 rice grey,$\color{#E2DED6}{\rule{7px}{7px}}$ 853 rice grey,,,,,,
$\color{#F2939F}{\rule{7px}{7px}}$ 854 fluorescent pink,$\color{#F2939F}{\rule{7px}{7px}}$ 854 fluorescent pink,$\color{#F2939F}{\rule{7px}{7px}}$ 854 fluorescent pink,$\color{#F2939F}{\rule{7px}{7px}}$ 854 fluorescent pink,,,,,,,,
$\color{#EEEA65}{\rule{7px}{7px}}$ 855 fluorescentyellow,$\color{#EEEA65}{\rule{7px}{7px}}$ 855 fluorescent yellow,$\color{#EEEA65}{\rule{7px}{7px}}$ 855 fluorescent yellow,$\color{#EEEA65}{\rule{7px}{7px}}$ 855 fluorescent yellow,,,,,,,,
$\color{#C1DA76}{\rule{7px}{7px}}$ 856 fluorescent green,$\color{#C1DA76}{\rule{7px}{7px}}$ 856 fluorescent green,$\color{#C1DA76}{\rule{7px}{7px}}$ 856 fluorescent green,$\color{#C1DA76}{\rule{7px}{7px}}$ 856 fluorescent green,,,,,,,,
$\color{#7EA0AF}{\rule{7px}{7px}}$ 857 cement blue,$\color{#7EA0AF}{\rule{7px}{7px}}$ 857 cement blue,,,,,,,,,,
$\color{#BFC9AA}{\rule{7px}{7px}}$ 858 wind chime grey,$\color{#BFC9AA}{\rule{7px}{7px}}$ 858 wind chime grey,,,,,,,,,,
$\color{#F19572}{\rule{7px}{7px}}$ 859 fluorescent orange,$\color{#F19572}{\rule{7px}{7px}}$ 859 fluorescent orange,$\color{#F19572}{\rule{7px}{7px}}$ 859 fluorescent orange,$\color{#F19572}{\rule{7px}{7px}}$ 859 fluorescent orange,,,,,,,,
$\color{#6D7B84}{\rule{7px}{7px}}$ 860 graphite ash,$\color{#6D7B84}{\rule{7px}{7px}}$ 860 graphite ash,,,,,,,,,,
$\color{#B6C1B5}{\rule{7px}{7px}}$ 861 mountain ash,$\color{#B6C1B5}{\rule{7px}{7px}}$ 861 mountain ash,,,,,,,,,,
$\color{#EDD5DF}{\rule{7px}{7px}}$ 862 rouge grey,$\color{#EDD5DF}{\rule{7px}{7px}}$ 862 rouge grey,,,,,,,,,,
$\color{#A7673D}{\rule{7px}{7px}}$ 863 cinnamon brown,$\color{#A7673D}{\rule{7px}{7px}}$ 863 cinnamon brown,,,,,,,,,,
$\color{#884D2E}{\rule{7px}{7px}}$ 864 walnut brown,$\color{#884D2E}{\rule{7px}{7px}}$ 864 walnut brown,,,,,,,,,,
$\color{#806B60}{\rule{7px}{7px}}$ 865 elegant brown,$\color{#806B60}{\rule{7px}{7px}}$ 865 elegant brown,,,,,,,,,,
$\color{#937D60}{\rule{7px}{7px}}$ 866 ebony palm,$\color{#937D60}{\rule{7px}{7px}}$ 866 ebony palm,,,,,,,,,,
$\color{#703D25}{\rule{7px}{7px}}$ 867 caramel brown,$\color{#703D25}{\rule{7px}{7px}}$ 867 caramel brown,,,,,,,,,,
$\color{#C7A05E}{\rule{7px}{7px}}$ 868 dry leaf brown,$\color{#C7A05E}{\rule{7px}{7px}}$ 868 dry leaf brown,,,,,,,,,,
$\color{#A55F59}{\rule{7px}{7px}}$ 869 chocolate brown,$\color{#A55F59}{\rule{7px}{7px}}$ 869 chocolate brown,$\color{#A55F59}{\rule{7px}{7px}}$ 869 chocolate brown,$\color{#A55F59}{\rule{7px}{7px}}$ 869 chocolate brown,,,,,,,,
$\color{#9D8D82}{\rule{7px}{7px}}$ 870 clay brown,$\color{#9D8D82}{\rule{7px}{7px}}$ 870 clay brown,,,,,,,,,,
$\color{#EDDEBA}{\rule{7px}{7px}}$ 871 almond brown,$\color{#EDDEBA}{\rule{7px}{7px}}$ 871 almond brown,,,,,,,,,,
$\color{#F6C5C7}{\rule{7px}{7px}}$ 872 rouge powder,$\color{#F6C5C7}{\rule{7px}{7px}}$ 872 rouge powder,$\color{#F6C5C7}{\rule{7px}{7px}}$ 872 rouge powder,$\color{#F6C5C7}{\rule{7px}{7px}}$ 872 rouge powder,,,,,,,,
$\color{#FBCFE2}{\rule{7px}{7px}}$ 873 bullet pink,$\color{#FBCFE2}{\rule{7px}{7px}}$ 873 bullet pink,$\color{#FBCFE2}{\rule{7px}{7px}}$ 873 bullet pink,$\color{#FBCFE2}{\rule{7px}{7px}}$ 873 bullet pink,,,,,,,,
$\color{#DDC38E}{\rule{7px}{7px}}$ 874 light sand yellow,$\color{#DDC38E}{\rule{7px}{7px}}$ 874 light sand yellow,,,,,,,,,,
$\color{#BE5232}{\rule{7px}{7px}}$ 875 honey brown,$\color{#BE5232}{\rule{7px}{7px}}$ 875 honey brown,,,,,,,,,,
$\color{#e8eeba}{\rule{7px}{7px}}$ 876 willow bud white,$\color{#e8eeba}{\rule{7px}{7px}}$ 876 willow bud white,,,,,,,,,,
$\color{#FEF6DF}{\rule{7px}{7px}}$ 877 jasmine white,$\color{#FEF6DF}{\rule{7px}{7px}}$ 877 jasmine white,,,,,,,,,,
$\color{#D5EDFE}{\rule{7px}{7px}}$ 878 ice white,$\color{#D5EDFE}{\rule{7px}{7px}}$ 878 ice white,,,,,,,,,,
$\color{#D4E2F2}{\rule{7px}{7px}}$ 879 water white,$\color{#D4E2F2}{\rule{7px}{7px}}$ 879 water white,,,,,,,,,,
$\color{#EBDFEE}{\rule{7px}{7px}}$ 880 purple mist white,$\color{#EBDFEE}{\rule{7px}{7px}}$ 880 purple mist white,,,,,,,,,,
$\color{#FEE4E8}{\rule{7px}{7px}}$ 881 makeup white,$\color{#FEE4E8}{\rule{7px}{7px}}$ 881 makeup white,,,,,,,,,,
$\color{#FDE8DF}{\rule{7px}{7px}}$ 882 pink white,$\color{#FDE8DF}{\rule{7px}{7px}}$ 882 pink white,,,,,,,,,,
$\color{#FFF4EF}{\rule{7px}{7px}}$ 883 gardenia white,$\color{#FFF4EF}{\rule{7px}{7px}}$ 883 gardenia white,,,,,,,,,,
$\color{#E0E9EB}{\rule{7px}{7px}}$ 884 matte white,$\color{#E0E9EB}{\rule{7px}{7px}}$ 884 matte white,,,,,,,,,,
$\color{#A9D8DD}{\rule{7px}{7px}}$ 885 lanbai,$\color{#A9D8DD}{\rule{7px}{7px}}$ 885 lanbai,,,,,,,,,,
$\color{#E1EDDC}{\rule{7px}{7px}}$ 886 snow green white,$\color{#E1EDDC}{\rule{7px}{7px}}$ 886 snow green white,,,,,,,,,,
$\color{#FFF2D0}{\rule{7px}{7px}}$ 887 snowwhite,$\color{#FFF2D0}{\rule{7px}{7px}}$ 887 snowwhite,,,,,,,,,,
,,,,,,,,,,,
,,,,,,,,,,,
,,,,,,,,,,,
,,,,,,,,,,,